Workbook

Sheet 06 Garde Manger
B1: 06 - Garde Manger - 13 - Canapes & Circles 6/01/13 | F1: 06 - Garde Manger - 15 - Menu Basic Preperation 01/06/15 | J1: 06 - Garde Manger - 16 - Liquor, Alcohol, Wine 01/06/16 | N1: 06 - Garde Manger - 10 - Vegeteables & Fruits - 03/06/10 | R1: 06 - Garde Manger - 07 - Meat - 05/06/07 | V1: 06 - Garde Manger - 08 - Fish and Seafood - 05/06/08
B2: Code | C2: Ingredient Name | D2: UM | F2: Code | G2: Ingredient Name | H2: UM | J2: Code | K2: Ingredient Name | L2: UM | N2: Code | O2: Ingredient Name | P2: UM | R2: Code | S2: Ingredient Name | T2: UM | V2: Code | W2: Ingredient Name | X2: UM
B3: 110102 | C3: =VLOOKUP(B3,'FML March 2026'!E:F,2,false) -> AGAVE RAW AMBER MADHAVA | D3: =VLOOKUP(B3,'Unit of Measure ship March 2026'!A:C,3,false) -> LBS | F3: 110017 | G3: =VLOOKUP(F3,'FML March 2026'!E:F,2,false) -> ACAI FRUIT PUREE 60X3.5OZ SAMBAZON | H3: =VLOOKUP(F3,'Unit of Measure ship March 2026'!A:C,3,false) -> LBS | J3: 147985 | K3: 24 JINRO 700 ML CLEAR BOTTLE VV | L3: BTL | N3: 110061 | O3: =VLOOKUP(N3,'FML March 2026'!E:F,2,false) -> APPLES GALA 125 CI | P3: =VLOOKUP(N3,'Unit of Measure ship March 2026'!A:C,3,false) -> LBS | R3: 148887 | S3: =VLOOKUP(R3,'FML March 2026'!E:F,2,false) -> BEEF TENDERLOIN PEELED STRAP-ON 100 DAY GRAIN FED JBS (AUSTRALIA) NAMP-189A | T3: =VLOOKUP(R3,'Unit of Measure ship March 2026'!A:C,3,false) -> LBS | V3: 42269 | W3: =VLOOKUP(V3,'FML March 2026'!E:F,2,false) -> SHRIMP 16/20 RAW P&D TAIL-ON CS10/LB SURAM ROYAL WHITE (VIETNAM) | X3: =VLOOKUP(V3,'Unit of Measure ship March 2026'!A:C,3,false) -> LBS
B4: 111083 | C4: =VLOOKUP(B4,'FML March 2026'!E:F,2,false) -> ALEPPO PEPPER PKG 1/LB LA BOITE | D4: =VLOOKUP(B4,'Unit of Measure ship March 2026'!A:C,3,false) -> LBS | F4: 110102 | G4: =VLOOKUP(F4,'FML March 2026'!E:F,2,false) -> AGAVE RAW AMBER MADHAVA | H4: =VLOOKUP(F4,'Unit of Measure ship March 2026'!A:C,3,false) -> LBS | J4: 20877 | K4: AJI MIRIN (SWEET COOKING RICE WINE) | L4: BTL | N4: 15370 | O4: =VLOOKUP(N4,'FML March 2026'!E:F,2,false) -> APPLES GOLDEN DELICIOUS 125CT WASHINGTON FANCY 40#/CS | P4: =VLOOKUP(N4,'Unit of Measure ship March 2026'!A:C,3,false) -> LBS | R4: 34728 | S4: =VLOOKUP(R4,'FML March 2026'!E:F,2,false) -> BEEF, STRIPLOIN, BONELESS, 13 DWN, UPPER 2/3, CHOICE, ANGUS, 40 DAY AGED, 0X1, NAMP 180, USA ONLY, <22 LB EA, FZN, 3/1 EA | T4: =VLOOKUP(R4,'Unit of Measure ship March 2026'!A:C,3,false) -> LBS | V4: 14686 | W4: =VLOOKUP(V4,'FML March 2026'!E:F,2,false) -> SHRIMP PANDALUS BOREALIS COOKED 150/250 IQF COLD WATER P&D 4/5LB CS ORION/PACKER (CANADA) | X4: =VLOOKUP(V4,'Unit of Measure ship March 2026'!A:C,3,false) -> LBS
B5: 16262 | C5: =VLOOKUP(B5,'FML March 2026'!E:F,2,false) -> ALLSPICE BADIA | D5: =VLOOKUP(B5,'Unit of Measure ship March 2026'!A:C,3,false) -> LBS | F5: 111083 | G5: =VLOOKUP(F5,'FML March 2026'!E:F,2,false) -> ALEPPO PEPPER PKG 1/LB LA BOITE | H5: =VLOOKUP(F5,'Unit of Measure ship March 2026'!A:C,3,false) -> LBS | J5: 10690 | K5: BAILEYS IRISH CREAM | L5: BTL | N5: 23757 | O5: =VLOOKUP(N5,'FML March 2026'!E:F,2,false) -> APPLES GRANNY SMITH 88CT 40#/CS | P5: =VLOOKUP(N5,'Unit of Measure ship March 2026'!A:C,3,false) -> LBS | R5: 11690 | S5: =VLOOKUP(R5,'FML March 2026'!E:F,2,false) -> CHICKEN BREAST, BONELESS, SKINLESS, NON-MARINATED, NON-INJECTED, 6-7 OZ EA, FZN, 1/40 LB | T5: =VLOOKUP(R5,'Unit of Measure ship March 2026'!A:C,3,false) -> LBS | V5: 14651 | W5: =VLOOKUP(V5,'FML March 2026'!E:F,2,false) -> TUNA LOIN SKINLESS FROZEN, (IP IS FTZ) (YEMEN) | X5: =VLOOKUP(V5,'Unit of Measure ship March 2026'!A:C,3,false) -> LBS
B6: 109664 | C6: =VLOOKUP(B6,'FML March 2026'!E:F,2,false) -> APPLE CIDER VINEGAR SPARROW LANE V | D6: =VLOOKUP(B6,'Unit of Measure ship March 2026'!A:C,3,false) -> GAL | F6: 109224 | G6: =VLOOKUP(F6,'FML March 2026'!E:F,2,false) -> ALMOND BUTTER VEGAN ONCE AGAIN CS6/12 OZ (USA) | H6: =VLOOKUP(F6,'Unit of Measure ship March 2026'!A:C,3,false) -> PC 12/OZ | J6: 110724 | K6: BEER - GOOSE ISLAND IPA BOTTLE 330ML OCI - RSSC VV | L6: BTL | N6: 15375 | O6: =VLOOKUP(N6,'FML March 2026'!E:F,2,false) -> APPLES RED DELICIOUS WASHINGTON EXTRA FANCY 125CT 40#/CS | P6: =VLOOKUP(N6,'Unit of Measure ship March 2026'!A:C,3,false) -> LBS | R6: 11695 | S6: =VLOOKUP(R6,'FML March 2026'!E:F,2,false) -> CHICKEN LEG/THIGH BONELESS & SKINLESS FROZEN | T6: =VLOOKUP(R6,'Unit of Measure ship March 2026'!A:C,3,false) -> LBS
B7: 15651 | C7: =VLOOKUP(B7,'FML March 2026'!E:F,2,false) -> BAKING POWDER 50 LB | D7: =VLOOKUP(B7,'Unit of Measure ship March 2026'!A:C,3,false) -> LBS | F7: 14978 | G7: =VLOOKUP(F7,'FML March 2026'!E:F,2,false) -> AMERICAN CHEESE, YELLOW, SLICED, STACK PACK | H7: =VLOOKUP(F7,'Unit of Measure ship March 2026'!A:C,3,false) -> LBS | J7: 107283 | K7: BEER CIDER DRY STRONGBOW GOLD BREWLOCK KEG 20 LTR VV | L7: BTL | N7: 24182 | O7: =VLOOKUP(N7,'FML March 2026'!E:F,2,false) -> ARUGULA, BABY | P7: =VLOOKUP(N7,'Unit of Measure ship March 2026'!A:C,3,false) -> LBS | R7: 14576 | S7: =VLOOKUP(R7,'FML March 2026'!E:F,2,false) -> CHICKEN, FRYER, WOG, IND WRAPPED, NON-INJECTED, 2.50-3.25 LB EA, FZN, 12/1 EA | T7: =VLOOKUP(R7,'Unit of Measure ship March 2026'!A:C,3,false) -> LBS
B8: 16250 | C8: =VLOOKUP(B8,'FML March 2026'!E:F,2,false) -> BAY LEAVES WHOLE D`ALLESANDRO/ SPICECO | D8: =VLOOKUP(B8,'Unit of Measure ship March 2026'!A:C,3,false) -> LBS | F8: 16013 | G8: =VLOOKUP(F8,'FML March 2026'!E:F,2,false) -> ANCHOVY PASTE 12/1 LB ROLAND | H8: =VLOOKUP(F8,'Unit of Measure ship March 2026'!A:C,3,false) -> CAN/1LB | J8: 111289 | K8: BOURBON BUFFALO TRACE 1LTR RCI VV NCL (USA ) | L8: BTL | N8: 15572 | O8: =VLOOKUP(N8,'FML March 2026'!E:F,2,false) -> ASPARAGUS, FRESH, LARGE, FULL 11# BOX, 17 PC/BOX | P8: =VLOOKUP(N8,'Unit of Measure ship March 2026'!A:C,3,false) -> LBS | R8: 24773 | S8: =VLOOKUP(R8,'FML March 2026'!E:F,2,false) -> PORK BELLY RAW RIND-ON (USA) | T8: =VLOOKUP(R8,'Unit of Measure ship March 2026'!A:C,3,false) -> LBS
B9: 32730 | C9: =VLOOKUP(B9,'FML March 2026'!E:F,2,false) -> BEANS BLACK, 6/#10 CAN | D9: =VLOOKUP(B9,'Unit of Measure ship March 2026'!A:C,3,false) -> CN/6.5LB | F9: 109664 | G9: =VLOOKUP(F9,'FML March 2026'!E:F,2,false) -> APPLE CIDER VINEGAR SPARROW LANE V | H9: =VLOOKUP(F9,'Unit of Measure ship March 2026'!A:C,3,false) -> GAL | J9: 112300 | K9: BRANDY - CHRISTIAN BROTHERS 1LTR (VV) | L9: BTL | N9: 15378 | O9: =VLOOKUP(N9,'FML March 2026'!E:F,2,false) -> AVOCADOS HASS FRESH CA-48PC FL-12/14PC 20# | P9: =VLOOKUP(N9,'Unit of Measure ship March 2026'!A:C,3,false) -> LBS | R9: 14399 | S9: =VLOOKUP(R9,'FML March 2026'!E:F,2,false) -> PORK LOIN WHOLE CRYOVAC 22-24 DOWN BONE IN, NAMP411 (USA) | T9: =VLOOKUP(R9,'Unit of Measure ship March 2026'!A:C,3,false) -> LBS
B10: 16015 | C10: =VLOOKUP(B10,'FML March 2026'!E:F,2,false) -> CAPERS, NON-PAREIL, IN VINEGAR, DRY, 6X850GR | D10: =VLOOKUP(B10,'Unit of Measure ship March 2026'!A:C,3,false) -> CAN/32OZ | F10: 15910 | G10: =VLOOKUP(F10,'FML March 2026'!E:F,2,false) -> BAGELS, PLAIN SLICED 4 OZ SLICED O`PELLE (USA) | H10: =VLOOKUP(F10,'Unit of Measure ship March 2026'!A:C,3,false) -> EA | J10: 10742 | K10: CHAMBORD 750ML OCI-RSSC | L10: BTL | N10: 111708 | O10: =VLOOKUP(N10,'FML March 2026'!E:F,2,false) -> BABY TURNIP | P10: =VLOOKUP(N10,'Unit of Measure ship March 2026'!A:C,3,false) -> LBS
B11: 111930 | C11: =VLOOKUP(B11,'FML March 2026'!E:F,2,false) -> CHEESE OAXACA FRESH CS2/5LB SUPREMO VV | D11: =VLOOKUP(B11,'Unit of Measure ship March 2026'!A:C,3,false) -> LBS | F11: 16250 | G11: =VLOOKUP(F11,'FML March 2026'!E:F,2,false) -> BAY LEAVES WHOLE D`ALLESANDRO/ SPICECO | H11: =VLOOKUP(F11,'Unit of Measure ship March 2026'!A:C,3,false) -> LBS | J11: 24137 | K11: COOKING WINE MOLINOS DE DULCINEA WHITE SPAIN 4/5 LTR APV GAL OCI/ RSSC | L11: LTR | N11: 43516 | O11: =VLOOKUP(N11,'FML March 2026'!E:F,2,false) -> BANANAS STAGE #3 | P11: =VLOOKUP(N11,'Unit of Measure ship March 2026'!A:C,3,false) -> LBS
B12: 16288 | C12: =VLOOKUP(B12,'FML March 2026'!E:F,2,false) -> CORIANDER WHOLE BADIA (USA ) | D12: =VLOOKUP(B12,'Unit of Measure ship March 2026'!A:C,3,false) -> LBS | F12: 26627 | G12: =VLOOKUP(F12,'FML March 2026'!E:F,2,false) -> BEANS CHICK PEAS DRY BULK | H12: =VLOOKUP(F12,'Unit of Measure ship March 2026'!A:C,3,false) -> LBS | J12: 24136 | K12: COOKING WINE RED MOLINOS DE DULCINEA SPAIN 4/5 LTR APV GAL OCI/ RSSC | L12: LTR | N12: 43517 | O12: =VLOOKUP(N12,'FML March 2026'!E:F,2,false) -> BANANAS STAGE #5 | P12: =VLOOKUP(N12,'Unit of Measure ship March 2026'!A:C,3,false) -> LBS
B13: 11882 | C13: =VLOOKUP(B13,'FML March 2026'!E:F,2,false) -> CREME FRAICHE | D13: =VLOOKUP(B13,'Unit of Measure ship March 2026'!A:C,3,false) -> QRT | F13: 111962 | G13: =VLOOKUP(F13,'FML March 2026'!E:F,2,false) -> BOQUERONE IN VINEGAR | H13: =VLOOKUP(F13,'Unit of Measure ship March 2026'!A:C,3,false) -> LBS | J13: 10914 | K13: CORONA EXTRA MEX.BEER BOTTLES 12 OZ RSSC/OCI VV (MEXICO) | L13: BTL | N13: 15429 | O13: =VLOOKUP(N13,'FML March 2026'!E:F,2,false) -> BASIL (12 BUNCH) HYDROPONIC OR REGULAR 1 LB/CS | P13: =VLOOKUP(N13,'Unit of Measure ship March 2026'!A:C,3,false) -> LBS
B14: 16264 | C14: =VLOOKUP(B14,'FML March 2026'!E:F,2,false) -> CUMIN SEED WHOLE BADIA (USA ) | D14: =VLOOKUP(B14,'Unit of Measure ship March 2026'!A:C,3,false) -> LBS | F14: 109712 | G14: =VLOOKUP(F14,'FML March 2026'!E:F,2,false) -> BREAD SOURDOUGH COUNTRY WHEAT BRD40B19 1KG LOAF ZAK THE BAKER | H14: =VLOOKUP(F14,'Unit of Measure ship March 2026'!A:C,3,false) -> LV | J14: 112970 | K14: FILTHY BLOODY MARY MIX | L14: BTL | N14: 111119 | O14: =VLOOKUP(N14,'FML March 2026'!E:F,2,false) -> BASIL BLOSSOMS FRESH TRAY 6/POTS HARPKE FARMS | P14: =VLOOKUP(N14,'Unit of Measure ship March 2026'!A:C,3,false) -> LBS
B15: 16257 | C15: =VLOOKUP(B15,'FML March 2026'!E:F,2,false) -> CURRY POWDER BADIA (USA ) | D15: =VLOOKUP(B15,'Unit of Measure ship March 2026'!A:C,3,false) -> LBS | F15: 16981 | G15: =VLOOKUP(F15,'FML March 2026'!E:F,2,false) -> BRIE MON PERE 60% 3KG / DEXPA # 53726 | H15: =VLOOKUP(F15,'Unit of Measure ship March 2026'!A:C,3,false) -> LBS | J15: 10920 | K15: GOSLINGS GINGER BEER CAN 24/12OZ RSSC/OCI RCCL (BERMUDA) | L15: BTL | N15: 15605 | O15: =VLOOKUP(N15,'FML March 2026'!E:F,2,false) -> BEANS FRESH EXTRA FINE GREEN (FRENCH) 1/5 (HARICOT VERT) | P15: =VLOOKUP(N15,'Unit of Measure ship March 2026'!A:C,3,false) -> LBS
B16: 15026 | C16: =VLOOKUP(B16,'FML March 2026'!E:F,2,false) -> EGGS, WHOLE, LIQUID, W/ CITRIC ACID, NO SUGAR, 1-5 LB/1-5 LT, FZN, 6/5 LB | D16: =VLOOKUP(B16,'Unit of Measure ship March 2026'!A:C,3,false) -> LBS | F16: 15016 | G16: =VLOOKUP(F16,'FML March 2026'!E:F,2,false) -> BUTTER, UNSALTED, 82% FAT, FZN, 50/200 G | H16: =VLOOKUP(F16,'Unit of Measure ship March 2026'!A:C,3,false) -> LBS | J16: 10658 | K16: GRAND MARNIER | L16: BTL | N16: 15449 | O16: =VLOOKUP(N16,'FML March 2026'!E:F,2,false) -> BEET ROOTS LARGE 1/25# | P16: =VLOOKUP(N16,'Unit of Measure ship March 2026'!A:C,3,false) -> LBS
B17: 16259 | C17: =VLOOKUP(B17,'FML March 2026'!E:F,2,false) -> FENNEL SEED WHOLE BADIA (USA ) | D17: =VLOOKUP(B17,'Unit of Measure ship March 2026'!A:C,3,false) -> LBS | F17: 14893 | G17: =VLOOKUP(F17,'FML March 2026'!E:F,2,false) -> BUTTERMILK LOCAL 10 DAYS CS9/HGAL | H17: =VLOOKUP(F17,'Unit of Measure ship March 2026'!A:C,3,false) -> QRT | J17: 10866 | K17: HEINEKEN BEER BOTTLES | L17: BTL | N17: 15333 | O17: =VLOOKUP(N17,'FML March 2026'!E:F,2,false) -> BLACKBERRIES FRESH 12 1/2 PT 4.5# | P17: =VLOOKUP(N17,'Unit of Measure ship March 2026'!A:C,3,false) -> LBS
B18: 14990 | C18: =VLOOKUP(B18,'FML March 2026'!E:F,2,false) -> FETA, IN BRINE, TUB | D18: =VLOOKUP(B18,'Unit of Measure ship March 2026'!A:C,3,false) -> LBS | F18: 11938 | G18: =VLOOKUP(F18,'FML March 2026'!E:F,2,false) -> CAPER BERRIES STEMMED 6/64 OZ DEL DESTINO/ ROLAND | H18: =VLOOKUP(F18,'Unit of Measure ship March 2026'!A:C,3,false) -> CAN/64OZ | J18: 10662 | K18: KAHLUA LIQUOR | L18: BTL | N18: 15335 | O18: =VLOOKUP(N18,'FML March 2026'!E:F,2,false) -> BLUEBERRIES FRESH 12 1/2 PT 4.5# | P18: =VLOOKUP(N18,'Unit of Measure ship March 2026'!A:C,3,false) -> LBS
B19: 31226 | C19: =VLOOKUP(B19,'FML March 2026'!E:F,2,false) -> FLEUR DE SEL / SEL DE GUERANDE 1 KG PAIL | D19: =VLOOKUP(B19,'Unit of Measure ship March 2026'!A:C,3,false) -> LBS | F19: 16015 | G19: =VLOOKUP(F19,'FML March 2026'!E:F,2,false) -> CAPERS, NON-PAREIL, IN VINEGAR, DRY, 6X850GR | H19: =VLOOKUP(F19,'Unit of Measure ship March 2026'!A:C,3,false) -> CAN/32OZ | J19: 112126 | K19: LIQUEUR ABSINTHE VERTE ST. GEORGE 750ML | L19: BTL | N19: 15450 | O19: =VLOOKUP(N19,'FML March 2026'!E:F,2,false) -> BROCCOLI LARGE FANCY, GREEN UMBRELLA 14 CT 20# | P19: =VLOOKUP(N19,'Unit of Measure ship March 2026'!A:C,3,false) -> LBS
B20: 111865 | C20: =VLOOKUP(B20,'FML March 2026'!E:F,2,false) -> FLOUR ALL PURPOSE SIR GALAHAD BAG50/LBS KING ARTHUR | D20: =VLOOKUP(B20,'Unit of Measure ship March 2026'!A:C,3,false) -> LBS | F20: 48393 | G20: =VLOOKUP(F20,'FML March 2026'!E:F,2,false) -> CHAAT MASALA POWDER, INDIAN SPICE 10/100 GR MDH/SHAN | H20: =VLOOKUP(F20,'Unit of Measure ship March 2026'!A:C,3,false) -> LBS | J20: 10685 | K20: LIQUEUR SAMBUCA ROMANA 1LTR OCI/RSSC VV (ITALY ) | L20: BTL | N20: 15454 | O20: =VLOOKUP(N20,'FML March 2026'!E:F,2,false) -> CABBAGE GREEN COMM MED/LG TRIMMED 50# | P20: =VLOOKUP(N20,'Unit of Measure ship March 2026'!A:C,3,false) -> LBS
B21: 112068 | C21: =VLOOKUP(B21,'FML March 2026'!E:F,2,false) -> GOAT CHEESE CHEFS CHEVRE CS 2/4 LB LAUR CHENEL | D21: =VLOOKUP(B21,'Unit of Measure ship March 2026'!A:C,3,false) -> LBS | F21: 14984 | G21: =VLOOKUP(F21,'FML March 2026'!E:F,2,false) -> CHEDDAR BLOCK YELLOW IMP.4/11 | H21: =VLOOKUP(F21,'Unit of Measure ship March 2026'!A:C,3,false) -> LBS | J21: 10427 | K21: MALIBU RUM LIQUEUR | L21: BTL | N21: 15456 | O21: =VLOOKUP(N21,'FML March 2026'!E:F,2,false) -> CABBAGE NAPA 12CT 30# | P21: =VLOOKUP(N21,'Unit of Measure ship March 2026'!A:C,3,false) -> LBS
... B33: 10265 | C33: =VLOOKUP(B33,'FML March 2026'!E:F,2,false) -> OIL, FRYING, 100% SOYBEAN, TRANS FAT FREE, FLASHPOINT >600F, DRY, 4/5 LT | D33: =VLOOKUP(B33,'Unit of Measure ship March 2026'!A:C,3,false) -> CS4/5LT | F33: 14987 | G33: =VLOOKUP(F33,'FML March 2026'!E:F,2,false) -> CREAM CHEESE QUESCREM/PHILADELPHIA FOR BAKERY | H33: =VLOOKUP(F33,'Unit of Measure ship March 2026'!A:C,3,false) -> LBS | J33: 111535 | K33: YAMAHAI JUNMAI, HAPPY OWL FUKU CHITOSE 720ML VV (B) | L33: BTL | N33: 15438 | O33: =VLOOKUP(N33,'FML March 2026'!E:F,2,false) -> CHIVES (12 BUNCH), 1 LB/CS | P33: =VLOOKUP(N33,'Unit of Measure ship March 2026'!A:C,3,false) -> LBS
B34: 52603 | C34: =VLOOKUP(B34,'FML March 2026'!E:F,2,false) -> OLIVE/CANOLA BLEND OIL | D34: =VLOOKUP(B34,'Unit of Measure ship March 2026'!A:C,3,false) -> LT | F34: 11882 | G34: =VLOOKUP(F34,'FML March 2026'!E:F,2,false) -> CREME FRAICHE | H34: =VLOOKUP(F34,'Unit of Measure ship March 2026'!A:C,3,false) -> QRT | N34: 15431 | O34: =VLOOKUP(N34,'FML March 2026'!E:F,2,false) -> CILANTRO (12 BUNCH) 1 LB/CS DOMESTIC | P34: =VLOOKUP(N34,'Unit of Measure ship March 2026'!A:C,3,false) -> LBS
B35: 16439 | C35: =VLOOKUP(B35,'FML March 2026'!E:F,2,false) -> PAN SPRAY NON STICK (USA) | D35: =VLOOKUP(B35,'Unit of Measure ship March 2026'!A:C,3,false) -> CAN/14OZ | F35: 16256 | G35: =VLOOKUP(F35,'FML March 2026'!E:F,2,false) -> CUMIN GROUND D`ALLESANDRO/ SPICECO (USA ) | H35: =VLOOKUP(F35,'Unit of Measure ship March 2026'!A:C,3,false) -> LBS | N35: 111175 | O35: =VLOOKUP(N35,'FML March 2026'!E:F,2,false) -> CILANTRO MICRO FRESH HARPKE FAMILY FARM PK/5 OZ PACKED IN 60 OZ SIZE CLAM SHELL | P35: =VLOOKUP(N35,'Unit of Measure ship March 2026'!A:C,3,false) -> EA
B36: 16538 | C36: =VLOOKUP(B36,'FML March 2026'!E:F,2,false) -> PAPADUMS 80 CT | D36: =VLOOKUP(B36,'Unit of Measure ship March 2026'!A:C,3,false) -> PK/200GR | F36: 16264 | G36: =VLOOKUP(F36,'FML March 2026'!E:F,2,false) -> CUMIN SEED WHOLE BADIA (USA ) | H36: =VLOOKUP(F36,'Unit of Measure ship March 2026'!A:C,3,false) -> LBS | N36: 109754 | O36: =VLOOKUP(N36,'FML March 2026'!E:F,2,false) -> CUCUMBER ENGLISH SEEDLESS, LARGE | P36: =VLOOKUP(N36,'Unit of Measure ship March 2026'!A:C,3,false) -> LBS
B37: 112841 | C37: =VLOOKUP(B37,'FML March 2026'!E:F,2,false) -> PEANUT BUTTER CRUNCHY | D37: =VLOOKUP(B37,'Unit of Measure ship March 2026'!A:C,3,false) -> LBS | F37: 15022 | G37: =VLOOKUP(F37,'FML March 2026'!E:F,2,false) -> EGGS-DATED, MEDIUM, REGULAR | H37: =VLOOKUP(F37,'Unit of Measure ship March 2026'!A:C,3,false) -> PC | N37: 15462 | O37: =VLOOKUP(N37,'FML March 2026'!E:F,2,false) -> CUCUMBERS SEEDLESS LARGE, PLASTIC WRAPPED 13# | P37: =VLOOKUP(N37,'Unit of Measure ship March 2026'!A:C,3,false) -> LBS
B38: 33681 | C38: =VLOOKUP(B38,'FML March 2026'!E:F,2,false) -> PEPPER BLACK GROUND BADIA (USA ) | D38: =VLOOKUP(B38,'Unit of Measure ship March 2026'!A:C,3,false) -> LBS | F38: 15026 | G38: =VLOOKUP(F38,'FML March 2026'!E:F,2,false) -> EGGS, WHOLE, LIQUID, W/ CITRIC ACID, NO SUGAR, 1-5 LB/1-5 LT, FZN, 6/5 LB | H38: =VLOOKUP(F38,'Unit of Measure ship March 2026'!A:C,3,false) -> LBS | N38: 30024 | O38: =VLOOKUP(N38,'FML March 2026'!E:F,2,false) -> CURRY LEAVES | P38: =VLOOKUP(N38,'Unit of Measure ship March 2026'!A:C,3,false) -> KG
B39: 16285 | C39: =VLOOKUP(B39,'FML March 2026'!E:F,2,false) -> PEPPERCORN, BLACK, WHOLE, DRY, 6/420 G | D39: =VLOOKUP(B39,'Unit of Measure ship March 2026'!A:C,3,false) -> LBS | F39: 14997 | G39: =VLOOKUP(F39,'FML March 2026'!E:F,2,false) -> EMMENTHAL LOAF / DEXPA # 7290 - 7465 | H39: =VLOOKUP(F39,'Unit of Measure ship March 2026'!A:C,3,false) -> LBS | N39: 15619 | O39: =VLOOKUP(N39,'FML March 2026'!E:F,2,false) -> DAIKON 20#/CS | P39: =VLOOKUP(N39,'Unit of Measure ship March 2026'!A:C,3,false) -> LBS
B40: 15894 | C40: =VLOOKUP(B40,'FML March 2026'!E:F,2,false) -> PISTACHIO NUTS WHOLE SHELLED RAW NUTLAND | D40: =VLOOKUP(B40,'Unit of Measure ship March 2026'!A:C,3,false) -> LBS | F40: 16259 | G40: =VLOOKUP(F40,'FML March 2026'!E:F,2,false) -> FENNEL SEED WHOLE BADIA (USA ) | H40: =VLOOKUP(F40,'Unit of Measure ship March 2026'!A:C,3,false) -> LBS | N40: 15433 | O40: =VLOOKUP(N40,'FML March 2026'!E:F,2,false) -> DILL | P40: =VLOOKUP(N40,'Unit of Measure ship March 2026'!A:C,3,false) -> LBS
B41: 109676 | C41: =VLOOKUP(B41,'FML March 2026'!E:F,2,false) -> PRESERVED LEMON BRINE CAN/ 2KG BELDI | D41: =VLOOKUP(B41,'Unit of Measure ship March 2026'!A:C,3,false) -> LBS | F41: 14990 | G41: =VLOOKUP(F41,'FML March 2026'!E:F,2,false) -> FETA, IN BRINE, TUB | H41: =VLOOKUP(F41,'Unit of Measure ship March 2026'!A:C,3,false) -> LBS | N41: 36433 | O41: =VLOOKUP(N41,'FML March 2026'!E:F,2,false) -> EGGPLANT JAPANESE 10#/CS | P41: =VLOOKUP(N41,'Unit of Measure ship March 2026'!A:C,3,false) -> CS10/LBS
B42: 15897 | C42: =VLOOKUP(B42,'FML March 2026'!E:F,2,false) -> PUMPKIN SEEDS WHOLE SHELLED RAW 10 LB HIALEAH/ D`ALLESANDRO | D42: =VLOOKUP(B42,'Unit of Measure ship March 2026'!A:C,3,false) -> LBS | F42: 111698 | G42: =VLOOKUP(F42,'FML March 2026'!E:F,2,false) -> FRIED SHALLOTS LA RUSTICHELLA | H42: =VLOOKUP(F42,'Unit of Measure ship March 2026'!A:C,3,false) -> LBS | N42: 15464 | O42: =VLOOKUP(N42,'FML March 2026'!E:F,2,false) -> EGGPLANT MEDIUM, 225 - 300 MM | P42: =VLOOKUP(N42,'Unit of Measure ship March 2026'!A:C,3,false) -> LBS
B43: 142891 | C43: =VLOOKUP(B43,'FML March 2026'!E:F,2,false) -> SALT CURING PRAGUE #1 2.5 LB HOOSIER HILL | D43: =VLOOKUP(B43,'Unit of Measure ship March 2026'!A:C,3,false) -> LBS | F43: 16337 | G43: =VLOOKUP(F43,'FML March 2026'!E:F,2,false) -> GARAM MASALA POWDER INDIAN SPICE D`ALLESANDRO/MAYA | H43: =VLOOKUP(F43,'Unit of Measure ship March 2026'!A:C,3,false) -> LBS | N43: 15547 | O43: =VLOOKUP(N43,'FML March 2026'!E:F,2,false) -> FENNEL FRESH CAL. 40# | P43: =VLOOKUP(N43,'Unit of Measure ship March 2026'!A:C,3,false) -> LBS
B44: 16307 | C44: =VLOOKUP(B44,'FML March 2026'!E:F,2,false) -> SALT KOSHER GRANULATED | D44: =VLOOKUP(B44,'Unit of Measure ship March 2026'!A:C,3,false) -> LBS | F44: 16260 | G44: =VLOOKUP(F44,'FML March 2026'!E:F,2,false) -> GARLIC, POWDER, DRY, 12/16 OZ | H44: =VLOOKUP(F44,'Unit of Measure ship March 2026'!A:C,3,false) -> LBS | N44: 30479 | O44: =VLOOKUP(N44,'FML March 2026'!E:F,2,false) -> GALANGAL | P44: =VLOOKUP(N44,'Unit of Measure ship March 2026'!A:C,3,false) -> LBS
B45: 11260 | C45: =VLOOKUP(B45,'FML March 2026'!E:F,2,false) -> SESAME SEED BLACK | D45: =VLOOKUP(B45,'Unit of Measure ship March 2026'!A:C,3,false) -> LBS | F45: 16958 | G45: =VLOOKUP(F45,'FML March 2026'!E:F,2,false) -> GLUTEN FREE BREAD WHITE RICE 6/16 OZ KINNICKKNICK/UDI'S | H45: =VLOOKUP(F45,'Unit of Measure ship March 2026'!A:C,3,false) -> PC/16OZ | N45: 109766 | O45: =VLOOKUP(N45,'FML March 2026'!E:F,2,false) -> GARLIC BLACK PEELED | P45: =VLOOKUP(N45,'Unit of Measure ship March 2026'!A:C,3,false) -> LBS
... B65: 109846 | C65: =VLOOKUP(B65,'FML March 2026'!E:F,2,false) -> YOGURT GREEK BULK | D65: =VLOOKUP(B65,'Unit of Measure ship March 2026'!A:C,3,false) -> LBS | F65: 16426 | G65: =VLOOKUP(F65,'FML March 2026'!E:F,2,false) -> MUSTARD TUB GREY POUPON - DIJON MUSTARD PLAIN (FRANCE) | H65: =VLOOKUP(F65,'Unit of Measure ship March 2026'!A:C,3,false) -> JAR/48OZ | N65: 15489 | O65: =VLOOKUP(N65,'FML March 2026'!E:F,2,false) -> LETTUCE ROMAINE, CAL., CRISP 24HD 38# | P65: =VLOOKUP(N65,'Unit of Measure ship March 2026'!A:C,3,false) -> LBS
F66: 12275 | G66: =VLOOKUP(F66,'FML March 2026'!E:F,2,false) -> MUSTARD BROWN 4/1 GALLON GULDENS (FRANCE) | H66: =VLOOKUP(F66,'Unit of Measure ship March 2026'!A:C,3,false) -> GAL | N66: 15623 | O66: =VLOOKUP(N66,'FML March 2026'!E:F,2,false) -> LETTUCE, MESCLUN 3#/CS | P66: =VLOOKUP(N66,'Unit of Measure ship March 2026'!A:C,3,false) -> LBS
F67: 16320 | G67: =VLOOKUP(F67,'FML March 2026'!E:F,2,false) -> MUSTARD SEED 24 OZ D`ALLESANDRO/ SPICECO | H67: =VLOOKUP(F67,'Unit of Measure ship March 2026'!A:C,3,false) -> LBS | N67: 108947 | O67: =VLOOKUP(N67,'FML March 2026'!E:F,2,false) -> LIMES, FRESH, CAVIAR (FINGER LIMES) | P67: =VLOOKUP(N67,'Unit of Measure ship March 2026'!A:C,3,false) -> LBS
F68: 16350 | G68: =VLOOKUP(F68,'FML March 2026'!E:F,2,false) -> MUSTARD YELLOW, PREPARED, GAL FRENCH`S | H68: =VLOOKUP(F68,'Unit of Measure ship March 2026'!A:C,3,false) -> GAL | N68: 15399 | O68: =VLOOKUP(N68,'FML March 2026'!E:F,2,false) -> LIMES, FRESH, FIRM #1 200CT 40# | P68: =VLOOKUP(N68,'Unit of Measure ship March 2026'!A:C,3,false) -> LBS
F69: 37627 | G69: =VLOOKUP(F69,'FML March 2026'!E:F,2,false) -> NOODLE, VERMICELLI, GLASS NOODLES, PACKER | H69: =VLOOKUP(F69,'Unit of Measure ship March 2026'!A:C,3,false) -> PK/8.8OZ | N69: 19401 | O69: =VLOOKUP(N69,'FML March 2026'!E:F,2,false) -> LOTUS ROOT FRESH | P69: =VLOOKUP(N69,'Unit of Measure ship March 2026'!A:C,3,false) -> LBS
F70: 52602 | G70: =VLOOKUP(F70,'FML March 2026'!E:F,2,false) -> OIL, 100% OLIVE, EXTRA VIRGIN, DRY, 4/5 LT | H70: =VLOOKUP(F70,'Unit of Measure ship March 2026'!A:C,3,false) -> LT | N70: 110068 | O70: =VLOOKUP(N70,'FML March 2026'!E:F,2,false) -> MAITAKE MUSHROOM FRESH | P70: =VLOOKUP(N70,'Unit of Measure ship March 2026'!A:C,3,false) -> LBS
F71: 16346 | G71: =VLOOKUP(F71,'FML March 2026'!E:F,2,false) -> OIL, 100% SESAME, TOASTED, DRY, 10/56 OZ | H71: =VLOOKUP(F71,'Unit of Measure ship March 2026'!A:C,3,false) -> BT/56OZ | N71: 31631 | O71: =VLOOKUP(N71,'FML March 2026'!E:F,2,false) -> MANDARINS FRESH | P71: =VLOOKUP(N71,'Unit of Measure ship March 2026'!A:C,3,false) -> LBS
F72: 16377 | G72: =VLOOKUP(F72,'FML March 2026'!E:F,2,false) -> OIL, 100% VEGETABLE SOYBEAN, DRY, 4/5 LT | H72: =VLOOKUP(F72,'Unit of Measure ship March 2026'!A:C,3,false) -> C4/5LT | N72: 15400 | O72: =VLOOKUP(N72,'FML March 2026'!E:F,2,false) -> MANGOS, RIPE 9/12 CT, 10#/CS | P72: =VLOOKUP(N72,'Unit of Measure ship March 2026'!A:C,3,false) -> LBS
F73: 10265 | G73: =VLOOKUP(F73,'FML March 2026'!E:F,2,false) -> OIL, FRYING, 100% SOYBEAN, TRANS FAT FREE, FLASHPOINT >600F, DRY, 4/5 LT | H73: =VLOOKUP(F73,'Unit of Measure ship March 2026'!A:C,3,false) -> CS4/5LT | N73: 15434 | O73: =VLOOKUP(N73,'FML March 2026'!E:F,2,false) -> MARJORAM (12 BUNCH), 1 LB/CS | P73: =VLOOKUP(N73,'Unit of Measure ship March 2026'!A:C,3,false) -> LBS
F74: 18644 | G74: =VLOOKUP(F74,'FML March 2026'!E:F,2,false) -> OLD BAY SEASONING 16 OZ MC CORMICK | H74: =VLOOKUP(F74,'Unit of Measure ship March 2026'!A:C,3,false) -> TIN16/OZ | N74: 15402 | O74: =VLOOKUP(N74,'FML March 2026'!E:F,2,false) -> MELON CANTALOUPE 12 CT, 40#/CS | P74: =VLOOKUP(N74,'Unit of Measure ship March 2026'!A:C,3,false) -> LBS
F75: 52603 | G75: =VLOOKUP(F75,'FML March 2026'!E:F,2,false) -> OLIVE/CANOLA BLEND OIL | H75: =VLOOKUP(F75,'Unit of Measure ship March 2026'!A:C,3,false) -> LT | N75: 15404 | O75: =VLOOKUP(N75,'FML March 2026'!E:F,2,false) -> MELON HONEYDEW #1 6/8CT. 25# | P75: =VLOOKUP(N75,'Unit of Measure ship March 2026'!A:C,3,false) -> LBS
F76: 16431 | G76: =VLOOKUP(F76,'FML March 2026'!E:F,2,false) -> OLIVES KALAMATA PITTED AMBROSIA 16122 (8X5) (TURKEY) | H76: =VLOOKUP(F76,'Unit of Measure ship March 2026'!A:C,3,false) -> CAN/2KG | N76: 110915 | O76: =VLOOKUP(N76,'FML March 2026'!E:F,2,false) -> MICRO GREEN FLOWER BLEND PKG 8 OZ | P76: =VLOOKUP(N76,'Unit of Measure ship March 2026'!A:C,3,false) -> LBS
F77: 16268 | G77: =VLOOKUP(F77,'FML March 2026'!E:F,2,false) -> OREGANO LEAVES WHOLE D`ALLESANDRO/ SPICECO | H77: =VLOOKUP(F77,'Unit of Measure ship March 2026'!A:C,3,false) -> PC/5OZ | N77: 110056 | O77: =VLOOKUP(N77,'FML March 2026'!E:F,2,false) -> MICRO LEMON BALM | P77: =VLOOKUP(N77,'Unit of Measure ship March 2026'!A:C,3,false) -> LBS
... F91: 109679 | G91: =VLOOKUP(F91,'FML March 2026'!E:F,2,false) -> PICHOLINE OLIVES BEL ARIA | H91: =VLOOKUP(F91,'Unit of Measure ship March 2026'!A:C,3,false) -> GAL | N91: 15447 | O91: =VLOOKUP(N91,'FML March 2026'!E:F,2,false) -> OREGANO FRESH | P91: =VLOOKUP(N91,'Unit of Measure ship March 2026'!A:C,3,false) -> LBS
F92: 16366 | G92: =VLOOKUP(F92,'FML March 2026'!E:F,2,false) -> PICKLE RELISH SWEET NATURAL B&G 4/1 GALLON B&G (USA) | H92: =VLOOKUP(F92,'Unit of Measure ship March 2026'!A:C,3,false) -> GAL | N92: 105768 | O92: =VLOOKUP(N92,'FML March 2026'!E:F,2,false) -> PAPAYA (9-12CT), GREEN | P92: LBS
F93: 16408 | G93: =VLOOKUP(F93,'FML March 2026'!E:F,2,false) -> PICKLE, CORNICHON/GHERKIN | H93: =VLOOKUP(F93,'Unit of Measure ship March 2026'!A:C,3,false) -> KG | N93: 15305 | O93: =VLOOKUP(N93,'FML March 2026'!E:F,2,false) -> PAPAYA (9-12CT), RIPE | P93: LBS
F94: 47893 | G94: =VLOOKUP(F94,'FML March 2026'!E:F,2,false) -> PICKLES KOSHER DRY B&G (USA) | H94: =VLOOKUP(F94,'Unit of Measure ship March 2026'!A:C,3,false) -> GAL | N94: 15500 | O94: =VLOOKUP(N94,'FML March 2026'!E:F,2,false) -> PARSLEY ITALIAN, 20#/CS | P94: =VLOOKUP(N94,'Unit of Measure ship March 2026'!A:C,3,false) -> LBS
F95: 109709 | G95: =VLOOKUP(F95,'FML March 2026'!E:F,2,false) -> PIERRE POIVRE PEPPER (LA BOITE A EPICE BRAND) | H95: =VLOOKUP(F95,'Unit of Measure ship March 2026'!A:C,3,false) -> UNT/16OZ | N95: 23714 | O95: =VLOOKUP(N95,'FML March 2026'!E:F,2,false) -> PARSNIP 20#/CS | P95: =VLOOKUP(N95,'Unit of Measure ship March 2026'!A:C,3,false) -> LBS
F96: 53666 | G96: =VLOOKUP(F96,'FML March 2026'!E:F,2,false) -> PIQUILLO PIMIENTOS WHOLE ROASTED & PEELED 6/#10 | H96: =VLOOKUP(F96,'Unit of Measure ship March 2026'!A:C,3,false) -> CAN/3KG | N96: 15412 | O96: =VLOOKUP(N96,'FML March 2026'!E:F,2,false) -> PEARS #1, BARTLETT, 120CT 40# | P96: =VLOOKUP(N96,'Unit of Measure ship March 2026'!A:C,3,false) -> LBS
F97: 14541 | G97: =VLOOKUP(F97,'FML March 2026'!E:F,2,false) -> PORK, BACON, SLICED, APPLEWOOD SMOKED, LAID OUT, 18-22/LB, FZN, 1/15 LB | H97: =VLOOKUP(F97,'Unit of Measure ship March 2026'!A:C,3,false) -> LBS | N97: 110900 | O97: =VLOOKUP(N97,'FML March 2026'!E:F,2,false) -> PEARS ASIAN FRESH 12/16 CT | P97: =VLOOKUP(N97,'Unit of Measure ship March 2026'!A:C,3,false) -> LBS
F98: 101442 | G98: =VLOOKUP(F98,'FML March 2026'!E:F,2,false) -> PROSCIUTTO DI SAN DANIELE LEVONI BONELESS 16 MONTH RESERVE CS/16 LBS | H98: =VLOOKUP(F98,'Unit of Measure ship March 2026'!A:C,3,false) -> LBS | N98: 15501 | O98: =VLOOKUP(N98,'FML March 2026'!E:F,2,false) -> PEPPERS GREEN, MEDIUM, CHOICE, 88-100 MM | P98: =VLOOKUP(N98,'Unit of Measure ship March 2026'!A:C,3,false) -> LBS
F99: 15047 | G99: =VLOOKUP(F99,'FML March 2026'!E:F,2,false) -> PROVOLONE, LOAF | H99: =VLOOKUP(F99,'Unit of Measure ship March 2026'!A:C,3,false) -> LBS | N99: 15504 | O99: =VLOOKUP(N99,'FML March 2026'!E:F,2,false) -> PEPPERS HOT, JALAPENOS 10# | P99: =VLOOKUP(N99,'Unit of Measure ship March 2026'!A:C,3,false) -> LBS
F100: 15908 | G100: =VLOOKUP(F100,'FML March 2026'!E:F,2,false) -> RICE PAPER, ROUND, 22CM | H100: =VLOOKUP(F100,'Unit of Measure ship March 2026'!A:C,3,false) -> PK/12OZ | N100: 15502 | O100: =VLOOKUP(N100,'FML March 2026'!E:F,2,false) -> PEPPERS RED, MEDIUM, 88-100 MM | P100: =VLOOKUP(N100,'Unit of Measure ship March 2026'!A:C,3,false) -> LBS
F101: 42945 | G101: =VLOOKUP(F101,'FML March 2026'!E:F,2,false) -> SALAME CASALINO - CACCIATORINO MARTELLI | H101: =VLOOKUP(F101,'Unit of Measure ship March 2026'!A:C,3,false) -> LBS | N101: 15577 | O101: =VLOOKUP(N101,'FML March 2026'!E:F,2,false) -> PEPPERS YELLOW, MEDIUM, 88-100 MM | P101: =VLOOKUP(N101,'Unit of Measure ship March 2026'!A:C,3,false) -> LBS
F102: 106535 | G102: =VLOOKUP(F102,'FML March 2026'!E:F,2,false) -> SALAME LEVONETTO MILANO LEVONI | H102: =VLOOKUP(F102,'Unit of Measure ship March 2026'!A:C,3,false) -> LBS | N102: 33604 | O102: =VLOOKUP(N102,'FML March 2026'!E:F,2,false) -> PEPPERS, POBLANO CHILI # | P102: =VLOOKUP(N102,'Unit of Measure ship March 2026'!A:C,3,false) -> LBS
F103: 16307 | G103: =VLOOKUP(F103,'FML March 2026'!E:F,2,false) -> SALT KOSHER GRANULATED | H103: =VLOOKUP(F103,'Unit of Measure ship March 2026'!A:C,3,false) -> LBS | N103: 108577 | O103: =VLOOKUP(N103,'FML March 2026'!E:F,2,false) -> PINEAPPLES, CROWNLESS, GOLD, FRESH | P103: =VLOOKUP(N103,'Unit of Measure ship March 2026'!A:C,3,false) -> LBS
F104: 20880 | G104: =VLOOKUP(F104,'FML March 2026'!E:F,2,false) -> SALT SEA MALDON | H104: =VLOOKUP(F104,'Unit of Measure ship March 2026'!A:C,3,false) -> LBS | N104: 15506 | O104: =VLOOKUP(N104,'FML March 2026'!E:F,2,false) -> PLANTAINS, GREEN 50# | P104: =VLOOKUP(N104,'Unit of Measure ship March 2026'!A:C,3,false) -> KG
F105: 16280 | G105: =VLOOKUP(F105,'FML March 2026'!E:F,2,false) -> SALT, GRANULATED, IODIZED, DRY, 12/26 OZ | H105: =VLOOKUP(F105,'Unit of Measure ship March 2026'!A:C,3,false) -> LBS | N105: 15316 | O105: =VLOOKUP(N105,'FML March 2026'!E:F,2,false) -> POMEGRANATE 20-35 CT. 22# | P105: =VLOOKUP(N105,'Unit of Measure ship March 2026'!A:C,3,false) -> LBS
... F134: 111706 | G134: =VLOOKUP(F134,'FML March 2026'!E:F,2,false) -> ZA'ATAR SPICE CS 6/16 OZ WOODLAND FARMS | H134: =VLOOKUP(F134,'Unit of Measure ship March 2026'!A:C,3,false) -> LBS | N134: 15534 | O134: =VLOOKUP(N134,'FML March 2026'!E:F,2,false) -> TOMATOES CHERRY #1 (GRAPE) 10 PINK, RED, FIRM SMALL | P134: =VLOOKUP(N134,'Unit of Measure ship March 2026'!A:C,3,false) -> LBS
N135: 109765 | O135: =VLOOKUP(N135,'FML March 2026'!E:F,2,false) -> TOMATOES CHERRY MIXED HEIRLOOM | P135: =VLOOKUP(N135,'Unit of Measure ship March 2026'!A:C,3,false) -> LBS
N136: 35223 | O136: =VLOOKUP(N136,'FML March 2026'!E:F,2,false) -> TOMATOES, RED BEEFSTEAK TOMATOES, HEIRLOOM | P136: =VLOOKUP(N136,'Unit of Measure ship March 2026'!A:C,3,false) -> LBS
N137: 15540 | O137: =VLOOKUP(N137,'FML March 2026'!E:F,2,false) -> WATERCRESS (FULL BX) 10# 24BH "B & W, FRESH, ICE PACKED" 1BX | P137: =VLOOKUP(N137,'Unit of Measure ship March 2026'!A:C,3,false) -> LBS
N138: 15425 | O138: =VLOOKUP(N138,'FML March 2026'!E:F,2,false) -> WATERMELONS SEEDLESS 4CT/6C 32# | P138: =VLOOKUP(N138,'Unit of Measure ship March 2026'!A:C,3,false) -> LBS
N139: 15542 | O139: =VLOOKUP(N139,'FML March 2026'!E:F,2,false) -> ZUCCHINI MEDIUM #1 FANCY 20#/CS, 180-210 MM | P139: =VLOOKUP(N139,'Unit of Measure ship March 2026'!A:C,3,false) -> LBS

Sheet 07 Kitchen Table
B1: 07 - The Kitchen Table - Menu Basic Preperation 01/07/01 | F1: 07 - The Kitchen Table - Vegetables & Fruit 03/07/06 | J1: 07 - The Kitchen Table - Meat 05/07/03 | N1: 07 - The Kitchen Table - Fish & Seafood 05/07/04
B2: Code | C2: Ingredient Name | D2: UM | F2: Code | G2: Ingredient Name | H2: UM | J2: Code | K2: Ingredient Name | L2: UM | N2: Code | O2: Ingredient Name | P2: UM
B3: 16262 | C3: =VLOOKUP(B3,'FML March 2026'!E:F,2,false) -> ALLSPICE BADIA | D3: =VLOOKUP(B3,'Unit of Measure ship March 2026'!A:C,3,false) -> LBS | F3: 110061 | G3: =VLOOKUP(F3,'FML March 2026'!E:F,2,false) -> APPLES GALA 125 CI | H3: =VLOOKUP(F3,'Unit of Measure ship March 2026'!A:C,3,false) -> LBS | J3: 14457 | K3: =VLOOKUP(J3,'FML March 2026'!E:F,2,false) -> BEEF BOTTOM ROUND GOOSENECK, CHOICE NAMP-170 | L3: =VLOOKUP(J3,'Unit of Measure ship March 2026'!A:C,3,false) -> LBS | N3: 10052 | O3: =VLOOKUP(N3,'FML March 2026'!E:F,2,false) -> COD FILLET BERING SEA 16/32 OZ FROZEN (PCH) (CHINA) | P3: =VLOOKUP(N3,'Unit of Measure ship March 2026'!A:C,3,false) -> LBS
B4: 15799 | C4: =VLOOKUP(B4,'FML March 2026'!E:F,2,false) -> ALMONDS SHELLED WHOLE | D4: =VLOOKUP(B4,'Unit of Measure ship March 2026'!A:C,3,false) -> LBS | F4: 15375 | G4: =VLOOKUP(F4,'FML March 2026'!E:F,2,false) -> APPLES RED DELICIOUS WASHINGTON EXTRA FANCY 125CT 40#/CS | H4: =VLOOKUP(F4,'Unit of Measure ship March 2026'!A:C,3,false) -> LBS | J4: 14383 | K4: =VLOOKUP(J4,'FML March 2026'!E:F,2,false) -> BEEF CHUCK SHORT RIB USDA CHOICE (USA) NAMP-130 | L4: =VLOOKUP(J4,'Unit of Measure ship March 2026'!A:C,3,false) -> LBS | N4: 11757 | O4: =VLOOKUP(N4,'FML March 2026'!E:F,2,false) -> FLOUNDER/HAKE/POLLOCK FILLET BREADED/ BATTERED 4 OZ IQF FOR CREW CWS/10 LB NATIONAL (USA) | P4: =VLOOKUP(N4,'Unit of Measure ship March 2026'!A:C,3,false) -> LBS
B5: 14978 | C5: =VLOOKUP(B5,'FML March 2026'!E:F,2,false) -> AMERICAN CHEESE, YELLOW, SLICED, STACK PACK | D5: =VLOOKUP(B5,'Unit of Measure ship March 2026'!A:C,3,false) -> LBS | F5: 24182 | G5: =VLOOKUP(F5,'FML March 2026'!E:F,2,false) -> ARUGULA, BABY | H5: =VLOOKUP(F5,'Unit of Measure ship March 2026'!A:C,3,false) -> LBS | J5: 11189 | K5: =VLOOKUP(J5,'FML March 2026'!E:F,2,false) -> BEEF GROUND CHUCK C.A.B./ ANGUS NAMP 137-2 | L5: =VLOOKUP(J5,'Unit of Measure ship March 2026'!A:C,3,false) -> LBS | N5: 14630 | O5: =VLOOKUP(N5,'FML March 2026'!E:F,2,false) -> MACKEREL WHOLE GUTTED IQF FOR CREW CS/22 LB ALFA (MEXICO) | P5: =VLOOKUP(N5,'Unit of Measure ship March 2026'!A:C,3,false) -> LBS
B6: 110951 | C6: =VLOOKUP(B6,'FML March 2026'!E:F,2,false) -> ANCHOVIES DRIED CS100/4OZ IKAN-TERI*BILIS | D6: =VLOOKUP(B6,'Unit of Measure ship March 2026'!A:C,3,false) -> LBS | F6: 15572 | G6: =VLOOKUP(F6,'FML March 2026'!E:F,2,false) -> ASPARAGUS, FRESH, LARGE, FULL 11# BOX, 17 PC/BOX | H6: =VLOOKUP(F6,'Unit of Measure ship March 2026'!A:C,3,false) -> LBS | J6: 53802 | K6: =VLOOKUP(J6,'FML March 2026'!E:F,2,false) -> BEEF GROUND FINE 80/20 NAMP-136 | L6: =VLOOKUP(J6,'Unit of Measure ship March 2026'!A:C,3,false) -> LBS | N6: 11826 | O6: =VLOOKUP(N6,'FML March 2026'!E:F,2,false) -> MILKFISH BANGUS FROZEN WHOLE GUTTED (USA) | P6: =VLOOKUP(N6,'Unit of Measure ship March 2026'!A:C,3,false) -> LBS
B7: 16011 | C7: =VLOOKUP(B7,'FML March 2026'!E:F,2,false) -> ANCHOVY FILLETS IN OLIVE OIL | D7: =VLOOKUP(B7,'Unit of Measure ship March 2026'!A:C,3,false) -> CAN/28OZ | F7: 43759 | G7: =VLOOKUP(F7,'FML March 2026'!E:F,2,false) -> ASPARAGUS, GREEN, MEDIUM, GRADE A, IQF, FZN, 1/10 KG | H7: =VLOOKUP(F7,'Unit of Measure ship March 2026'!A:C,3,false) -> LBS | J7: 14369 | K7: =VLOOKUP(J7,'FML March 2026'!E:F,2,false) -> BEEF INSIDE TOP ROUND CHOICE UNTRIMMED NAMP-168 EU (USA) | L7: =VLOOKUP(J7,'Unit of Measure ship March 2026'!A:C,3,false) -> LBS | N7: 14793 | O7: =VLOOKUP(N7,'FML March 2026'!E:F,2,false) -> MUSSEL MEAT SMALL NEW ZEALAND/CHILE BLUE IQF FROZEN 200-300 CT GOLDEN SUN (CHILE) | P7: =VLOOKUP(N7,'Unit of Measure ship March 2026'!A:C,3,false) -> LBS
B8: 16013 | C8: =VLOOKUP(B8,'FML March 2026'!E:F,2,false) -> ANCHOVY PASTE 12/1 LB ROLAND | D8: =VLOOKUP(B8,'Unit of Measure ship March 2026'!A:C,3,false) -> CAN/1LB | F8: 15429 | G8: =VLOOKUP(F8,'FML March 2026'!E:F,2,false) -> BASIL (12 BUNCH) HYDROPONIC OR REGULAR 1 LB/CS | H8: =VLOOKUP(F8,'Unit of Measure ship March 2026'!A:C,3,false) -> LBS | J8: 14389 | K8: =VLOOKUP(J8,'FML March 2026'!E:F,2,false) -> BEEF OXTAIL STEER W/LINER U.S.D.A. NAMP -1791 | L8: =VLOOKUP(J8,'Unit of Measure ship March 2026'!A:C,3,false) -> LBS | N8: 49645 | O8: =VLOOKUP(N8,'FML March 2026'!E:F,2,false) -> POLLOCK FILLET 4/8 OZ SKINLESS 100% NET WEIGHT (CHINA) | P8: =VLOOKUP(N8,'Unit of Measure ship March 2026'!A:C,3,false) -> LBS
B9: 16304 | C9: =VLOOKUP(B9,'FML March 2026'!E:F,2,false) -> ANISE STAR BADIA | D9: =VLOOKUP(B9,'Unit of Measure ship March 2026'!A:C,3,false) -> UNIT/8OZ | F9: 102292 | G9: =VLOOKUP(F9,'FML March 2026'!E:F,2,false) -> BEETS YELLOW FRESH | H9: =VLOOKUP(F9,'Unit of Measure ship March 2026'!A:C,3,false) -> LBS | J9: 102748 | K9: =VLOOKUP(J9,'FML March 2026'!E:F,2,false) -> BEEF PATTIES 5.33 OZ CHUCK/BRISKET/SHORT RIB CS/10 LB (USA) NAMP-1137 | L9: =VLOOKUP(J9,'Unit of Measure ship March 2026'!A:C,3,false) -> LBS | N9: 53625 | O9: =VLOOKUP(N9,'FML March 2026'!E:F,2,false) -> SALMON FILLET, ATLANTIC, PREMIUM, FROZEN, 3 - 4 LB D-TRIM INDV. CRYOVAC (CHILE) | P9: =VLOOKUP(N9,'Unit of Measure ship March 2026'!A:C,3,false) -> LBS
B10: 16508 | C10: =VLOOKUP(B10,'FML March 2026'!E:F,2,false) -> APRICOT HALVES, UNPEELED | D10: =VLOOKUP(B10,'Unit of Measure ship March 2026'!A:C,3,false) -> CN/6.5LB | F10: 15452 | G10: =VLOOKUP(F10,'FML March 2026'!E:F,2,false) -> BELGIAN ENDIVES 10# | H10: =VLOOKUP(F10,'Unit of Measure ship March 2026'!A:C,3,false) -> LBS | J10: 38308 | K10: =VLOOKUP(J10,'FML March 2026'!E:F,2,false) -> BEEF, STRIPLOIN, BONELESS, COMMERCIAL, NON-UTILITY, 1X1, NAMP 180, >8 LB EA, FZN, 5/1 EA | L10: =VLOOKUP(J10,'Unit of Measure ship March 2026'!A:C,3,false) -> LBS | N10: 23371 | O10: =VLOOKUP(N10,'FML March 2026'!E:F,2,false) -> SALMON KETA WHOLE H&G FROZEN CREW CS 50/LBS (CHILE) | P10: =VLOOKUP(N10,'Unit of Measure ship March 2026'!A:C,3,false) -> LBS
B11: 19448 | C11: =VLOOKUP(B11,'FML March 2026'!E:F,2,false) -> AVOCADO, HALVES, PITLESS, IQF, FRZN | D11: =VLOOKUP(B11,'Unit of Measure ship March 2026'!A:C,3,false) -> LBS | F11: 15606 | G11: =VLOOKUP(F11,'FML March 2026'!E:F,2,false) -> BOK CHOY BABY | H11: =VLOOKUP(F11,'Unit of Measure ship March 2026'!A:C,3,false) -> LBS | J11: 45649 | K11: =VLOOKUP(J11,'FML March 2026'!E:F,2,false) -> CHICKEN BREAST FILLET, BREADED, FRITTERS, RAW (USA) | L11: =VLOOKUP(J11,'Unit of Measure ship March 2026'!A:C,3,false) -> LBS | N11: 45475 | O11: =VLOOKUP(N11,'FML March 2026'!E:F,2,false) -> SARDINES WHOLE FROZEN NIGEL/PACKER (USA) | P11: =VLOOKUP(N11,'Unit of Measure ship March 2026'!A:C,3,false) -> LBS
B12: 43803 | C12: =VLOOKUP(B12,'FML March 2026'!E:F,2,false) -> BABY CARROTS FROZEN STANDARD DUJARDIN (USA) | D12: =VLOOKUP(B12,'Unit of Measure ship March 2026'!A:C,3,false) -> LBS | F12: 38191 | G12: =VLOOKUP(F12,'FML March 2026'!E:F,2,false) -> BRUSSELS SPROUTS SMALL | H12: =VLOOKUP(F12,'Unit of Measure ship March 2026'!A:C,3,false) -> LBS | J12: 11690 | K12: =VLOOKUP(J12,'FML March 2026'!E:F,2,false) -> CHICKEN BREAST, BONELESS, SKINLESS, NON-MARINATED, NON-INJECTED, 6-7 OZ EA, FZN, 1/40 LB | L12: =VLOOKUP(J12,'Unit of Measure ship March 2026'!A:C,3,false) -> LBS | N12: 33209 | O12: =VLOOKUP(N12,'FML March 2026'!E:F,2,false) -> SEA TROUT FILET 4/6 OZ CREW FROZEN CS/40 LBS (USA) | P12: =VLOOKUP(N12,'Unit of Measure ship March 2026'!A:C,3,false) -> LBS
B13: 12284 | C13: =VLOOKUP(B13,'FML March 2026'!E:F,2,false) -> BARBEQUE SAUCE, HICKORY | D13: =VLOOKUP(B13,'Unit of Measure ship March 2026'!A:C,3,false) -> GAL | F13: 15456 | G13: =VLOOKUP(F13,'FML March 2026'!E:F,2,false) -> CABBAGE NAPA 12CT 30# | H13: =VLOOKUP(F13,'Unit of Measure ship March 2026'!A:C,3,false) -> LBS | J13: 14581 | K13: =VLOOKUP(J13,'FML March 2026'!E:F,2,false) -> CHICKEN LEG QUARTERS FROZEN PACKER (USA) | L13: =VLOOKUP(J13,'Unit of Measure ship March 2026'!A:C,3,false) -> LBS | N13: 42269 | O13: =VLOOKUP(N13,'FML March 2026'!E:F,2,false) -> SHRIMP 16/20 RAW P&D TAIL-ON CS10/LB SURAM ROYAL WHITE (VIETNAM) | P13: =VLOOKUP(N13,'Unit of Measure ship March 2026'!A:C,3,false) -> LBS
B14: 16250 | C14: =VLOOKUP(B14,'FML March 2026'!E:F,2,false) -> BAY LEAVES WHOLE D`ALLESANDRO/ SPICECO | D14: =VLOOKUP(B14,'Unit of Measure ship March 2026'!A:C,3,false) -> LBS | F14: 15455 | G14: =VLOOKUP(F14,'FML March 2026'!E:F,2,false) -> CABBAGE RED COMM MED/LG TRIMMED 50# | H14: =VLOOKUP(F14,'Unit of Measure ship March 2026'!A:C,3,false) -> LBS | J14: 11695 | K14: =VLOOKUP(J14,'FML March 2026'!E:F,2,false) -> CHICKEN LEG/THIGH BONELESS & SKINLESS FROZEN | L14: =VLOOKUP(J14,'Unit of Measure ship March 2026'!A:C,3,false) -> LBS | N14: 14686 | O14: =VLOOKUP(N14,'FML March 2026'!E:F,2,false) -> SHRIMP PANDALUS BOREALIS COOKED 150/250 IQF COLD WATER P&D 4/5LB CS ORION/PACKER (CANADA) | P14: =VLOOKUP(N14,'Unit of Measure ship March 2026'!A:C,3,false) -> LBS
... B18: 16227 | C18: =VLOOKUP(B18,'FML March 2026'!E:F,2,false) -> BEANS LENTILS BLACK BELUGA D`ALLESANDRO | D18: =VLOOKUP(B18,'Unit of Measure ship March 2026'!A:C,3,false) -> LBS | F18: 15562 | G18: =VLOOKUP(F18,'FML March 2026'!E:F,2,false) -> CELERIAC (CELERY ROOT) 20# | H18: =VLOOKUP(F18,'Unit of Measure ship March 2026'!A:C,3,false) -> LBS | J18: 14576 | K18: =VLOOKUP(J18,'FML March 2026'!E:F,2,false) -> CHICKEN, FRYER, WOG, IND WRAPPED, NON-INJECTED, 2.50-3.25 LB EA, FZN, 12/1 EA | L18: =VLOOKUP(J18,'Unit of Measure ship March 2026'!A:C,3,false) -> LBS | N18: 14721 | O18: =VLOOKUP(N18,'FML March 2026'!E:F,2,false) -> WHITING FILET 4/6 OR 6/10 OZ FRZN (ARGENTINA) | P18: =VLOOKUP(N18,'Unit of Measure ship March 2026'!A:C,3,false) -> LBS
B19: 48982 | C19: =VLOOKUP(B19,'FML March 2026'!E:F,2,false) -> BEANS LENTILS RED SPLIT, DHAL MASSOR 20 LB BOX C&F/ D`ALLESANDRO | D19: =VLOOKUP(B19,'Unit of Measure ship March 2026'!A:C,3,false) -> LBS | F19: 15589 | G19: =VLOOKUP(F19,'FML March 2026'!E:F,2,false) -> CHAYOTE, SELECT, 48CT 40#/CS | H19: =VLOOKUP(F19,'Unit of Measure ship March 2026'!A:C,3,false) -> LBS | J19: 14573 | K19: =VLOOKUP(J19,'FML March 2026'!E:F,2,false) -> DUCK WHOLE GRADE, "A" 4.00 - 5.0LB CS6/PC | L19: =VLOOKUP(J19,'Unit of Measure ship March 2026'!A:C,3,false) -> LBS
B20: 16579 | C20: =VLOOKUP(B20,'FML March 2026'!E:F,2,false) -> BEANS RED KIDNEY DARK 6/10 CANS (SPAIN) | D20: =VLOOKUP(B20,'Unit of Measure ship March 2026'!A:C,3,false) -> CN/6.5LB | F20: 15543 | G20: =VLOOKUP(F20,'FML March 2026'!E:F,2,false) -> CHERVIL, FRESH, 12BU 1 LB/CS | H20: =VLOOKUP(F20,'Unit of Measure ship March 2026'!A:C,3,false) -> LBS | J20: 14407 | K20: =VLOOKUP(J20,'FML March 2026'!E:F,2,false) -> LAMB LEGS BONELESS ROLLED & TIED FROZEN VAC-PAC (AUSTRALIA) | L20: =VLOOKUP(J20,'Unit of Measure ship March 2026'!A:C,3,false) -> LBS
B21: 16530 | C21: =VLOOKUP(B21,'FML March 2026'!E:F,2,false) -> BEANS, BAKED, VEGETARIAN, DRY, 6/#10 | D21: =VLOOKUP(B21,'Unit of Measure ship March 2026'!A:C,3,false) -> CN/6.5LB | F21: 35188 | G21: =VLOOKUP(F21,'FML March 2026'!E:F,2,false) -> CHILI PEPPERS RED FRESH | H21: =VLOOKUP(F21,'Unit of Measure ship March 2026'!A:C,3,false) -> LBS | J21: 14424 | K21: =VLOOKUP(J21,'FML March 2026'!E:F,2,false) -> LAMB SHOULDER SQUARE CUT NECK-ON FROZEN (AUSTRALIA) | L21: =VLOOKUP(J21,'Unit of Measure ship March 2026'!A:C,3,false) -> LBS
B22: 24910 | C22: =VLOOKUP(B22,'FML March 2026'!E:F,2,false) -> BEANS, PINTO DRY (VV) | D22: =VLOOKUP(B22,'Unit of Measure ship March 2026'!A:C,3,false) -> LBS | F22: 15438 | G22: =VLOOKUP(F22,'FML March 2026'!E:F,2,false) -> CHIVES (12 BUNCH), 1 LB/CS | H22: =VLOOKUP(F22,'Unit of Measure ship March 2026'!A:C,3,false) -> LBS | J22: 24773 | K22: =VLOOKUP(J22,'FML March 2026'!E:F,2,false) -> PORK BELLY RAW RIND-ON (USA) | L22: =VLOOKUP(J22,'Unit of Measure ship March 2026'!A:C,3,false) -> LBS
B23: 100449 | C23: =VLOOKUP(B23,'FML March 2026'!E:F,2,false) -> BEEF SAUCE BASE CREW/ STAFF | D23: =VLOOKUP(B23,'Unit of Measure ship March 2026'!A:C,3,false) -> LBS | F23: 15431 | G23: =VLOOKUP(F23,'FML March 2026'!E:F,2,false) -> CILANTRO (12 BUNCH) 1 LB/CS DOMESTIC | H23: =VLOOKUP(F23,'Unit of Measure ship March 2026'!A:C,3,false) -> LBS | J23: 14443 | K23: =VLOOKUP(J23,'FML March 2026'!E:F,2,false) -> PORK LOIN BACK RIBS 1-1/2# DOWN DOMESTIC NAMP 422 (USA) | L23: =VLOOKUP(J23,'Unit of Measure ship March 2026'!A:C,3,false) -> LBS
B24: 40504 | C24: =VLOOKUP(B24,'FML March 2026'!E:F,2,false) -> BEETS SLICED 3KG | D24: =VLOOKUP(B24,'Unit of Measure ship March 2026'!A:C,3,false) -> CAN/3KG | F24: 15619 | G24: =VLOOKUP(F24,'FML March 2026'!E:F,2,false) -> DAIKON 20#/CS | H24: =VLOOKUP(F24,'Unit of Measure ship March 2026'!A:C,3,false) -> LBS | J24: 11681 | K24: =VLOOKUP(J24,'FML March 2026'!E:F,2,false) -> PORK LOIN SMOKED CENTER CUT BONELESS (USA) | L24: =VLOOKUP(J24,'Unit of Measure ship March 2026'!A:C,3,false) -> LBS
B25: 53695 | C25: =VLOOKUP(B25,'FML March 2026'!E:F,2,false) -> BEV BASE, ORANGE, 45%, NESTLE - VITALITY, 12560122, FZN, 12/32 OZ | D25: =VLOOKUP(B25,'Unit of Measure ship March 2026'!A:C,3,false) -> PC/64OZ | F25: 15433 | G25: =VLOOKUP(F25,'FML March 2026'!E:F,2,false) -> DILL | H25: =VLOOKUP(F25,'Unit of Measure ship March 2026'!A:C,3,false) -> LBS | J25: 14399 | K25: =VLOOKUP(J25,'FML March 2026'!E:F,2,false) -> PORK LOIN WHOLE CRYOVAC 22-24 DOWN BONE IN, NAMP411 (USA) | L25: =VLOOKUP(J25,'Unit of Measure ship March 2026'!A:C,3,false) -> LBS
B26: 15178 | C26: =VLOOKUP(B26,'FML March 2026'!E:F,2,false) -> BLACKBERRIES, WHOLE, IQF, FRZN | D26: =VLOOKUP(B26,'Unit of Measure ship March 2026'!A:C,3,false) -> LBS | F26: 15508 | G26: =VLOOKUP(F26,'FML March 2026'!E:F,2,false) -> FINGERLING POTATOES | H26: =VLOOKUP(F26,'Unit of Measure ship March 2026'!A:C,3,false) -> LBS | J26: 10533 | K26: =VLOOKUP(J26,'FML March 2026'!E:F,2,false) -> PORK SHOULDER BUTT BONELESS | L26: =VLOOKUP(J26,'Unit of Measure ship March 2026'!A:C,3,false) -> LBS
B27: 43801 | C27: =VLOOKUP(B27,'FML March 2026'!E:F,2,false) -> BRUSSEL SPROUTS, MEDIUM, GRADE A, FRZN | D27: =VLOOKUP(B27,'Unit of Measure ship March 2026'!A:C,3,false) -> LBS | F27: 30479 | G27: =VLOOKUP(F27,'FML March 2026'!E:F,2,false) -> GALANGAL | H27: =VLOOKUP(F27,'Unit of Measure ship March 2026'!A:C,3,false) -> LBS | J27: 14397 | K27: =VLOOKUP(J27,'FML March 2026'!E:F,2,false) -> PORK SPARE RIBS 4-1/2 - DOWN 30# NAMP416 HATFIELD 1252 (USA) | L27: =VLOOKUP(J27,'Unit of Measure ship March 2026'!A:C,3,false) -> LBS
B28: 15016 | C28: =VLOOKUP(B28,'FML March 2026'!E:F,2,false) -> BUTTER, UNSALTED, 82% FAT, FZN, 50/200 G | D28: =VLOOKUP(B28,'Unit of Measure ship March 2026'!A:C,3,false) -> LBS | F28: 61703 | G28: =VLOOKUP(F28,'FML March 2026'!E:F,2,false) -> HABANERO PEPPERS FRESH | H28: =VLOOKUP(F28,'Unit of Measure ship March 2026'!A:C,3,false) -> LBS | J28: 14400 | K28: =VLOOKUP(J28,'FML March 2026'!E:F,2,false) -> PORK, HAM LEG, BONE IN, SHORT SHANK, SKIN ON, FRESH, NAMP 401A, >23 LB EA, FZN | L28: =VLOOKUP(J28,'Unit of Measure ship March 2026'!A:C,3,false) -> LBS
B29: 16290 | C29: =VLOOKUP(B29,'FML March 2026'!E:F,2,false) -> CAJUN SEASONING BADIA (USA ) | D29: =VLOOKUP(B29,'Unit of Measure ship March 2026'!A:C,3,false) -> LBS | F29: 15463 | G29: =VLOOKUP(F29,'FML March 2026'!E:F,2,false) -> JICAMA FRESH | H29: =VLOOKUP(F29,'Unit of Measure ship March 2026'!A:C,3,false) -> LBS | J29: 14524 | K29: =VLOOKUP(J29,'FML March 2026'!E:F,2,false) -> TURKEY BREAST RAW BONE-IN WHOLE SKIN-ON, USDA "A" 8/10 LB AVG (USA) | L29: =VLOOKUP(J29,'Unit of Measure ship March 2026'!A:C,3,false) -> LBS
B30: 11938 | C30: =VLOOKUP(B30,'FML March 2026'!E:F,2,false) -> CAPER BERRIES STEMMED 6/64 OZ DEL DESTINO/ ROLAND | D30: =VLOOKUP(B30,'Unit of Measure ship March 2026'!A:C,3,false) -> CAN/64OZ | F30: 30025 | G30: =VLOOKUP(F30,'FML March 2026'!E:F,2,false) -> KAFFIR LIME LEAVES FRESH | H30: =VLOOKUP(F30,'Unit of Measure ship March 2026'!A:C,3,false) -> LBS | J30: 14577 | K30: =VLOOKUP(J30,'FML March 2026'!E:F,2,false) -> TURKEYS WHOLE 20/22 OR 22/24 LB GRADE "A" (USA) | L30: =VLOOKUP(J30,'Unit of Measure ship March 2026'!A:C,3,false) -> LBS
B31: 16015 | C31: =VLOOKUP(B31,'FML March 2026'!E:F,2,false) -> CAPERS, NON-PAREIL, IN VINEGAR, DRY, 6X850GR | D31: =VLOOKUP(B31,'Unit of Measure ship March 2026'!A:C,3,false) -> CAN/32OZ | F31: 15395 | G31: =VLOOKUP(F31,'FML March 2026'!E:F,2,false) -> KIWI, NEW ZEALAND/CALIFORNIA, RIPE | H31: =VLOOKUP(F31,'Unit of Measure ship March 2026'!A:C,3,false) -> LBS
B32: 16309 | C32: =VLOOKUP(B32,'FML March 2026'!E:F,2,false) -> CARDAMOM GROUND | D32: =VLOOKUP(B32,'Unit of Measure ship March 2026'!A:C,3,false) -> LBS | F32: 15498 | G32: =VLOOKUP(F32,'FML March 2026'!E:F,2,false) -> LETTUCE GREEN LEAF CAL. 24HD 20#/CS | H32: =VLOOKUP(F32,'Unit of Measure ship March 2026'!A:C,3,false) -> LBS
B33: 43802 | C33: =VLOOKUP(B33,'FML March 2026'!E:F,2,false) -> CAULIFLOWER, FLORETS, GRADE A, IQF, FZN, 1/10 KG | D33: =VLOOKUP(B33,'Unit of Measure ship March 2026'!A:C,3,false) -> LBS | F33: 108947 | G33: =VLOOKUP(F33,'FML March 2026'!E:F,2,false) -> LIMES, FRESH, CAVIAR (FINGER LIMES) | H33: =VLOOKUP(F33,'Unit of Measure ship March 2026'!A:C,3,false) -> LBS
B34: 35186 | C34: =VLOOKUP(B34,'FML March 2026'!E:F,2,false) -> CELERY SALT 32 OZ D`ALLESANDRO/ SPICE CO | D34: =VLOOKUP(B34,'Unit of Measure ship March 2026'!A:C,3,false) -> JAR/32OZ | F34: 15434 | G34: =VLOOKUP(F34,'FML March 2026'!E:F,2,false) -> MARJORAM (12 BUNCH), 1 LB/CS | H34: =VLOOKUP(F34,'Unit of Measure ship March 2026'!A:C,3,false) -> LBS
B35: 11957 | C35: =VLOOKUP(B35,'FML March 2026'!E:F,2,false) -> CELERY SEEDS WHOLE 16 OZ D`ALLESANDRO/ SPICE CO | D35: =VLOOKUP(B35,'Unit of Measure ship March 2026'!A:C,3,false) -> LBS | F35: 15404 | G35: =VLOOKUP(F35,'FML March 2026'!E:F,2,false) -> MELON HONEYDEW #1 6/8CT. 25# | H35: =VLOOKUP(F35,'Unit of Measure ship March 2026'!A:C,3,false) -> LBS
B36: 48393 | C36: =VLOOKUP(B36,'FML March 2026'!E:F,2,false) -> CHAAT MASALA POWDER, INDIAN SPICE 10/100 GR MDH/SHAN | D36: =VLOOKUP(B36,'Unit of Measure ship March 2026'!A:C,3,false) -> LBS | F36: 15436 | G36: =VLOOKUP(F36,'FML March 2026'!E:F,2,false) -> MINT (12 BUNCH), 1 LB/CS | H36: =VLOOKUP(F36,'Unit of Measure ship March 2026'!A:C,3,false) -> LBS
B37: 14984 | C37: =VLOOKUP(B37,'FML March 2026'!E:F,2,false) -> CHEDDAR BLOCK YELLOW IMP.4/11 | D37: =VLOOKUP(B37,'Unit of Measure ship March 2026'!A:C,3,false) -> LBS | F37: 15556 | G37: =VLOOKUP(F37,'FML March 2026'!E:F,2,false) -> MUSHROOMS SHIITAKE FRESH NO 1 | H37: =VLOOKUP(F37,'Unit of Measure ship March 2026'!A:C,3,false) -> LBS
B38: 16308 | C38: =VLOOKUP(B38,'FML March 2026'!E:F,2,false) -> CHILI PEPPER RED CRUSHED D`ALLESANDRO/ SPICECO | D38: =VLOOKUP(B38,'Unit of Measure ship March 2026'!A:C,3,false) -> LBS | F38: 15496 | G38: =VLOOKUP(F38,'FML March 2026'!E:F,2,false) -> ONIONS RED, MEDIUM 25# | H38: =VLOOKUP(F38,'Unit of Measure ship March 2026'!A:C,3,false) -> LBS
B39: 16252 | C39: =VLOOKUP(B39,'FML March 2026'!E:F,2,false) -> CHILI POWDER 16 OZ D`ALLESANDRO/ SPICECO | D39: =VLOOKUP(B39,'Unit of Measure ship March 2026'!A:C,3,false) -> LBS | F39: 15447 | G39: =VLOOKUP(F39,'FML March 2026'!E:F,2,false) -> OREGANO FRESH | H39: =VLOOKUP(F39,'Unit of Measure ship March 2026'!A:C,3,false) -> LBS
B40: 16265 | C40: =VLOOKUP(B40,'FML March 2026'!E:F,2,false) -> CHINESE FIVE SPICE 16 OZ D`ALLESANDRO/ SPICECO | D40: =VLOOKUP(B40,'Unit of Measure ship March 2026'!A:C,3,false) -> LBS | F40: 105768 | G40: =VLOOKUP(F40,'FML March 2026'!E:F,2,false) -> PAPAYA (9-12CT), GREEN | H40: LBS
B41: 16253 | C41: =VLOOKUP(B41,'FML March 2026'!E:F,2,false) -> CINNAMON GROUND | D41: =VLOOKUP(B41,'Unit of Measure ship March 2026'!A:C,3,false) -> LBS | F41: 23714 | G41: =VLOOKUP(F41,'FML March 2026'!E:F,2,false) -> PARSNIP 20#/CS | H41: =VLOOKUP(F41,'Unit of Measure ship March 2026'!A:C,3,false) -> LBS
B42: 16267 | C42: =VLOOKUP(B42,'FML March 2026'!E:F,2,false) -> CINNAMON STICKS BADIA (USA) | D42: =VLOOKUP(B42,'Unit of Measure ship March 2026'!A:C,3,false) -> LBS | F42: 15501 | G42: =VLOOKUP(F42,'FML March 2026'!E:F,2,false) -> PEPPERS GREEN, MEDIUM, CHOICE, 88-100 MM | H42: =VLOOKUP(F42,'Unit of Measure ship March 2026'!A:C,3,false) -> LBS
B43: 16085 | C43: =VLOOKUP(B43,'FML March 2026'!E:F,2,false) -> CLAM JUICE BLENDED 12/46OZ (USA) | D43: =VLOOKUP(B43,'Unit of Measure ship March 2026'!A:C,3,false) -> CN/46OZ | F43: 15504 | G43: =VLOOKUP(F43,'FML March 2026'!E:F,2,false) -> PEPPERS HOT, JALAPENOS 10# | H43: =VLOOKUP(F43,'Unit of Measure ship March 2026'!A:C,3,false) -> LBS
B44: 16088 | C44: =VLOOKUP(B44,'FML March 2026'!E:F,2,false) -> CLAMS OCEAN CHOPPED CANNED 12/51OZ SNOW (USA) | D44: =VLOOKUP(B44,'Unit of Measure ship March 2026'!A:C,3,false) -> CAN/51OZ | F44: 15502 | G44: =VLOOKUP(F44,'FML March 2026'!E:F,2,false) -> PEPPERS RED, MEDIUM, 88-100 MM | H44: =VLOOKUP(F44,'Unit of Measure ship March 2026'!A:C,3,false) -> LBS
B45: 40584 | C45: =VLOOKUP(B45,'FML March 2026'!E:F,2,false) -> CLOVES GROUND PKG 16 OZ BADIA (USA ) | D45: =VLOOKUP(B45,'Unit of Measure ship March 2026'!A:C,3,false) -> LBS | F45: 33604 | G45: =VLOOKUP(F45,'FML March 2026'!E:F,2,false) -> PEPPERS, POBLANO CHILI # | H45: =VLOOKUP(F45,'Unit of Measure ship March 2026'!A:C,3,false) -> LBS
B46: 16254 | C46: =VLOOKUP(B46,'FML March 2026'!E:F,2,false) -> CLOVES WHOLE D`ALLESANDRO/ SPICECO | D46: =VLOOKUP(B46,'Unit of Measure ship March 2026'!A:C,3,false) -> LBS | F46: 108577 | G46: =VLOOKUP(F46,'FML March 2026'!E:F,2,false) -> PINEAPPLES, CROWNLESS, GOLD, FRESH | H46: =VLOOKUP(F46,'Unit of Measure ship March 2026'!A:C,3,false) -> LBS
B47: 110020 | C47: =VLOOKUP(B47,'FML March 2026'!E:F,2,false) -> COCONUT FLAKES UNSWEETENED BOBS RED MILL CS4/24OZ | D47: =VLOOKUP(B47,'Unit of Measure ship March 2026'!A:C,3,false) -> LBS | F47: 15513 | G47: =VLOOKUP(F47,'FML March 2026'!E:F,2,false) -> POTATOES CHEF (BAG) 50# | H47: =VLOOKUP(F47,'Unit of Measure ship March 2026'!A:C,3,false) -> LBS
B48: 16289 | C48: =VLOOKUP(B48,'FML March 2026'!E:F,2,false) -> CORIANDER GROUND BADIA (USA ) | D48: =VLOOKUP(B48,'Unit of Measure ship March 2026'!A:C,3,false) -> LBS | F48: 11856 | G48: =VLOOKUP(F48,'FML March 2026'!E:F,2,false) -> POTATOES YUKON GOLD, LARGE, FRESH | H48: =VLOOKUP(F48,'Unit of Measure ship March 2026'!A:C,3,false) -> LBS
B49: 16288 | C49: =VLOOKUP(B49,'FML March 2026'!E:F,2,false) -> CORIANDER WHOLE BADIA (USA ) | D49: =VLOOKUP(B49,'Unit of Measure ship March 2026'!A:C,3,false) -> LBS | F49: 15507 | G49: =VLOOKUP(F49,'FML March 2026'!E:F,2,false) -> POTATOES, BAKING, IDAHO #1, 100CT 50#/CS | H49: =VLOOKUP(F49,'Unit of Measure ship March 2026'!A:C,3,false) -> LBS
B50: 16527 | C50: =VLOOKUP(B50,'FML March 2026'!E:F,2,false) -> CORN BABY WHOLE 6/10 CAN AMBROSIA/ROLAND | D50: =VLOOKUP(B50,'Unit of Measure ship March 2026'!A:C,3,false) -> CN/6.5LB | F50: 15516 | G50: =VLOOKUP(F50,'FML March 2026'!E:F,2,false) -> POTATOES, SWEET, JUMBO, 40# BAG | H50: =VLOOKUP(F50,'Unit of Measure ship March 2026'!A:C,3,false) -> LBS
B51: 16555 | C51: =VLOOKUP(B51,'FML March 2026'!E:F,2,false) -> CORN KERNELS SWEET CANNED 6/10 CELORIO/PREMIUM (USA) | D51: =VLOOKUP(B51,'Unit of Measure ship March 2026'!A:C,3,false) -> CN/6.5LB | F51: 11838 | G51: =VLOOKUP(F51,'FML March 2026'!E:F,2,false) -> ROMANESCO FRESH | H51: =VLOOKUP(F51,'Unit of Measure ship March 2026'!A:C,3,false) -> LBS
B52: 10013 | C52: =VLOOKUP(B52,'FML March 2026'!E:F,2,false) -> CORN ON THE COB FRESH | D52: =VLOOKUP(B52,'Unit of Measure ship March 2026'!A:C,3,false) -> LBS | F52: 15444 | G52: =VLOOKUP(F52,'FML March 2026'!E:F,2,false) -> SAGE FRESH | H52: =VLOOKUP(F52,'Unit of Measure ship March 2026'!A:C,3,false) -> LBS
... B59: 16259 | C59: =VLOOKUP(B59,'FML March 2026'!E:F,2,false) -> FENNEL SEED WHOLE BADIA (USA ) | D59: =VLOOKUP(B59,'Unit of Measure ship March 2026'!A:C,3,false) -> LBS | F59: 15539 | G59: =VLOOKUP(F59,'FML March 2026'!E:F,2,false) -> TURNIPS 25# WHITE FIRM LARGE | H59: =VLOOKUP(F59,'Unit of Measure ship March 2026'!A:C,3,false) -> LBS
B60: 16495 | C60: =VLOOKUP(B60,'FML March 2026'!E:F,2,false) -> FIGS, KADOTA, LIGHT SYRUP | D60: =VLOOKUP(B60,'Unit of Measure ship March 2026'!A:C,3,false) -> CN6.5/LB
B61: 31226 | C61: =VLOOKUP(B61,'FML March 2026'!E:F,2,false) -> FLEUR DE SEL / SEL DE GUERANDE 1 KG PAIL | D61: =VLOOKUP(B61,'Unit of Measure ship March 2026'!A:C,3,false) -> LBS
B62: 111865 | C62: =VLOOKUP(B62,'FML March 2026'!E:F,2,false) -> FLOUR ALL PURPOSE SIR GALAHAD BAG50/LBS KING ARTHUR | D62: =VLOOKUP(B62,'Unit of Measure ship March 2026'!A:C,3,false) -> LBS
B63: 38193 | C63: =VLOOKUP(B63,'FML March 2026'!E:F,2,false) -> FRENCH FRIES, SHOESTRING, LAMB WESTON / AVIKO, GRADE AO1, FRZN | D63: =VLOOKUP(B63,'Unit of Measure ship March 2026'!A:C,3,false) -> LBS
B64: 111698 | C64: =VLOOKUP(B64,'FML March 2026'!E:F,2,false) -> FRIED SHALLOTS LA RUSTICHELLA | D64: =VLOOKUP(B64,'Unit of Measure ship March 2026'!A:C,3,false) -> LBS
B65: 16500 | C65: =VLOOKUP(B65,'FML March 2026'!E:F,2,false) -> FRUIT COCKTAIL, CHOICE, LIGHT SYRUP | D65: =VLOOKUP(B65,'Unit of Measure ship March 2026'!A:C,3,false) -> CAN/3KG
B66: 16337 | C66: =VLOOKUP(B66,'FML March 2026'!E:F,2,false) -> GARAM MASALA POWDER INDIAN SPICE D`ALLESANDRO/MAYA | D66: =VLOOKUP(B66,'Unit of Measure ship March 2026'!A:C,3,false) -> LBS
B67: 16578 | C67: =VLOOKUP(B67,'FML March 2026'!E:F,2,false) -> GARBANZO BEANS 6/10 CANS (SPAIN) | D67: =VLOOKUP(B67,'Unit of Measure ship March 2026'!A:C,3,false) -> CN/6.5LB
B68: 16260 | C68: =VLOOKUP(B68,'FML March 2026'!E:F,2,false) -> GARLIC, POWDER, DRY, 12/16 OZ | D68: =VLOOKUP(B68,'Unit of Measure ship March 2026'!A:C,3,false) -> LBS
B69: 16261 | C69: =VLOOKUP(B69,'FML March 2026'!E:F,2,false) -> GINGER GROUND D`ALLESANDRO/ SPICECO | D69: =VLOOKUP(B69,'Unit of Measure ship March 2026'!A:C,3,false) -> LBS
B70: 15923 | C70: =VLOOKUP(B70,'FML March 2026'!E:F,2,false) -> GRITS 8/ 5LB QUAKER | D70: =VLOOKUP(B70,'Unit of Measure ship March 2026'!A:C,3,false) -> LBS
B71: 16344 | C71: =VLOOKUP(B71,'FML March 2026'!E:F,2,false) -> HORSERADISH WHITE, PREPARED | D71: =VLOOKUP(B71,'Unit of Measure ship March 2026'!A:C,3,false) -> GAL
... B149: 109846 | C149: =VLOOKUP(B149,'FML March 2026'!E:F,2,false) -> YOGURT GREEK BULK | D149: =VLOOKUP(B149,'Unit of Measure ship March 2026'!A:C,3,false) -> LBS

Sheet 08 Special Service Food
B1: 08 - Special Service Food - Crew Party Food 01/08/01 | F1: 08 - Special Service Food - Guest Special Request Food 01/08/02
B2: Code | C2: Ingredient Name | D2: UM | F2: Code | G2: Ingredient Name | H2: UM

Sheet 13 Test Kitchen
B1: 13 - The Test Kitchen - Menu Basic Preperation 01/13/01 | F1: 13 - The Test Kitchen - Vegetables & Fruits 03/13/06 | J1: 13 - The Test Kitchen - Meat 05/13/03 | N1: 13 - The Test Kitchen - Fish & Seafood 05/13/04
B2: Code | C2: Ingredient Name | D2: UM | F2: Code | G2: Ingredient Name | H2: UM | J2: Code | K2: Ingredient Name | L2: UM | N2: Code | O2: Ingredient Name | P2: UM
B3: 51236 | C3: =VLOOKUP(B3,'FML March 2026'!E:F,2,false) -> ACID CITRIC 1 KG L. FRANCOIS CUISINE TECH | D3: =VLOOKUP(B3,'Unit of Measure ship March 2026'!A:C,3,false) -> LBS | F3: 53697 | G3: =VLOOKUP(F3,'FML March 2026'!E:F,2,false) -> ARTICHOKE, JERUSALEM, FRESH | H3: =VLOOKUP(F3,'Unit of Measure ship March 2026'!A:C,3,false) -> LBS | J3: 148887 | K3: =VLOOKUP(J3,'FML March 2026'!E:F,2,false) -> BEEF TENDERLOIN PEELED STRAP-ON 100 DAY GRAIN FED JBS (AUSTRALIA) NAMP-189A | L3: =VLOOKUP(J3,'Unit of Measure ship March 2026'!A:C,3,false) -> LBS | N3: 10052 | O3: =VLOOKUP(N3,'FML March 2026'!E:F,2,false) -> COD FILLET BERING SEA 16/32 OZ FROZEN (PCH) (CHINA) | P3: =VLOOKUP(N3,'Unit of Measure ship March 2026'!A:C,3,false) -> LBS
B4: 16211 | C4: =VLOOKUP(B4,'FML March 2026'!E:F,2,false) -> AGAR AGAR POWDER CUISINE TECH | D4: =VLOOKUP(B4,'Unit of Measure ship March 2026'!A:C,3,false) -> LBS | F4: 11843 | G4: =VLOOKUP(F4,'FML March 2026'!E:F,2,false) -> ASPARAGUS WHITE FRESH | H4: =VLOOKUP(F4,'Unit of Measure ship March 2026'!A:C,3,false) -> LBS | J4: 14386 | K4: =VLOOKUP(J4,'FML March 2026'!E:F,2,false) -> CALVES FEET 35# PACKED W PLASTIC WRAP | L4: =VLOOKUP(J4,'Unit of Measure ship March 2026'!A:C,3,false) -> PC | N4: 148490 | O4: =VLOOKUP(N4,'FML March 2026'!E:F,2,false) -> GRILLED EEL/ UNAGI/ KABAYAKI (BBQ EEL SUSHI) | P4: =VLOOKUP(N4,'Unit of Measure ship March 2026'!A:C,3,false) -> LBS
B5: 16262 | C5: =VLOOKUP(B5,'FML March 2026'!E:F,2,false) -> ALLSPICE BADIA | D5: =VLOOKUP(B5,'Unit of Measure ship March 2026'!A:C,3,false) -> LBS | F5: 15572 | G5: =VLOOKUP(F5,'FML March 2026'!E:F,2,false) -> ASPARAGUS, FRESH, LARGE, FULL 11# BOX, 17 PC/BOX | H5: =VLOOKUP(F5,'Unit of Measure ship March 2026'!A:C,3,false) -> LBS | J5: 108520 | K5: =VLOOKUP(J5,'FML March 2026'!E:F,2,false) -> CHICKEN WHOLE ANTIBIOTIC-FREE (NAKED) JOYCE FARMS | L5: =VLOOKUP(J5,'Unit of Measure ship March 2026'!A:C,3,false) -> LBS | N5: 53625 | O5: =VLOOKUP(N5,'FML March 2026'!E:F,2,false) -> SALMON FILLET, ATLANTIC, PREMIUM, FROZEN, 3 - 4 LB D-TRIM INDV. CRYOVAC (CHILE) | P5: =VLOOKUP(N5,'Unit of Measure ship March 2026'!A:C,3,false) -> LBS
B6: 110967 | C6: =VLOOKUP(B6,'FML March 2026'!E:F,2,false) -> ALMONDS HICKORY SMOKED CS9/9OZ BACK TO NATURE SMOKED | D6: =VLOOKUP(B6,'Unit of Measure ship March 2026'!A:C,3,false) -> LBS | F6: 15429 | G6: =VLOOKUP(F6,'FML March 2026'!E:F,2,false) -> BASIL (12 BUNCH) HYDROPONIC OR REGULAR 1 LB/CS | H6: =VLOOKUP(F6,'Unit of Measure ship March 2026'!A:C,3,false) -> LBS | J6: 14576 | K6: =VLOOKUP(J6,'FML March 2026'!E:F,2,false) -> CHICKEN, FRYER, WOG, IND WRAPPED, NON-INJECTED, 2.50-3.25 LB EA, FZN, 12/1 EA | L6: =VLOOKUP(J6,'Unit of Measure ship March 2026'!A:C,3,false) -> LBS | N6: 102829 | O6: =VLOOKUP(N6,'FML March 2026'!E:F,2,false) -> Scallops 10/15 CT | P6: =VLOOKUP(N6,'Unit of Measure ship March 2026'!A:C,3,false) -> LBS
B7: 109664 | C7: =VLOOKUP(B7,'FML March 2026'!E:F,2,false) -> APPLE CIDER VINEGAR SPARROW LANE V | D7: =VLOOKUP(B7,'Unit of Measure ship March 2026'!A:C,3,false) -> GAL | F7: 111119 | G7: =VLOOKUP(F7,'FML March 2026'!E:F,2,false) -> BASIL BLOSSOMS FRESH TRAY 6/POTS HARPKE FARMS | H7: =VLOOKUP(F7,'Unit of Measure ship March 2026'!A:C,3,false) -> LBS | J7: 27414 | K7: =VLOOKUP(J7,'FML March 2026'!E:F,2,false) -> LAMB RACKS CAPOFF FRENCHED 20/28 OZ FROZEN INDV VAC PAC (NEW ZEALAND/AUSTRALIA) | L7: =VLOOKUP(J7,'Unit of Measure ship March 2026'!A:C,3,false) -> LBS | N7: 42269 | O7: =VLOOKUP(N7,'FML March 2026'!E:F,2,false) -> SHRIMP 16/20 RAW P&D TAIL-ON CS10/LB SURAM ROYAL WHITE (VIETNAM) | P7: =VLOOKUP(N7,'Unit of Measure ship March 2026'!A:C,3,false) -> LBS
B8: 109223 | C8: =VLOOKUP(B8,'FML March 2026'!E:F,2,false) -> AQUAFABA POWDER EGG REPLACER SAHELI PK 300GR | D8: =VLOOKUP(B8,'Unit of Measure ship March 2026'!A:C,3,false) -> LBS | F8: 15449 | G8: =VLOOKUP(F8,'FML March 2026'!E:F,2,false) -> BEET ROOTS LARGE 1/25# | H8: =VLOOKUP(F8,'Unit of Measure ship March 2026'!A:C,3,false) -> LBS | J8: 42345 | K8: =VLOOKUP(J8,'FML March 2026'!E:F,2,false) -> VENISON, STRIPLOIN, BONELESS, DENUDED, 4-6 LB EA, FZN | L8: =VLOOKUP(J8,'Unit of Measure ship March 2026'!A:C,3,false) -> LBS
B9: 15651 | C9: =VLOOKUP(B9,'FML March 2026'!E:F,2,false) -> BAKING POWDER 50 LB | D9: =VLOOKUP(B9,'Unit of Measure ship March 2026'!A:C,3,false) -> LBS | F9: 15335 | G9: =VLOOKUP(F9,'FML March 2026'!E:F,2,false) -> BLUEBERRIES FRESH 12 1/2 PT 4.5# | H9: =VLOOKUP(F9,'Unit of Measure ship March 2026'!A:C,3,false) -> LBS
B10: 15652 | C10: =VLOOKUP(B10,'FML March 2026'!E:F,2,false) -> BAKING SODA | D10: =VLOOKUP(B10,'Unit of Measure ship March 2026'!A:C,3,false) -> LBS | F10: 15458 | G10: =VLOOKUP(F10,'FML March 2026'!E:F,2,false) -> CARROTS CLIP TOP 50# | H10: =VLOOKUP(F10,'Unit of Measure ship March 2026'!A:C,3,false) -> LBS
B11: 16182 | C11: =VLOOKUP(B11,'FML March 2026'!E:F,2,false) -> BARLEY PEARLED | D11: =VLOOKUP(B11,'Unit of Measure ship March 2026'!A:C,3,false) -> LBS | F11: 110917 | G11: =VLOOKUP(F11,'FML March 2026'!E:F,2,false) -> CAULIFLOWER ORANGE 12CT (28LB) | H11: =VLOOKUP(F11,'Unit of Measure ship March 2026'!A:C,3,false) -> LBS
B12: 110934 | C12: =VLOOKUP(B12,'FML March 2026'!E:F,2,false) -> BASIL SEEDS PKG 1 LB KALUSTYANS | D12: =VLOOKUP(B12,'Unit of Measure ship March 2026'!A:C,3,false) -> LBS | F12: 15562 | G12: =VLOOKUP(F12,'FML March 2026'!E:F,2,false) -> CELERIAC (CELERY ROOT) 20# | H12: =VLOOKUP(F12,'Unit of Measure ship March 2026'!A:C,3,false) -> LBS
B13: 16250 | C13: =VLOOKUP(B13,'FML March 2026'!E:F,2,false) -> BAY LEAVES WHOLE D`ALLESANDRO/ SPICECO | D13: =VLOOKUP(B13,'Unit of Measure ship March 2026'!A:C,3,false) -> LBS | F13: 15460 | G13: =VLOOKUP(F13,'FML March 2026'!E:F,2,false) -> CELERY #1 CAL. 36CT 60# | H13: =VLOOKUP(F13,'Unit of Measure ship March 2026'!A:C,3,false) -> LBS
B14: 109712 | C14: =VLOOKUP(B14,'FML March 2026'!E:F,2,false) -> BREAD SOURDOUGH COUNTRY WHEAT BRD40B19 1KG LOAF ZAK THE BAKER | D14: =VLOOKUP(B14,'Unit of Measure ship March 2026'!A:C,3,false) -> LV | F14: 109760 | G14: =VLOOKUP(F14,'FML March 2026'!E:F,2,false) -> CELERY MICRO HARPKE FAMILY FARM - PK/5 OZ PACKED IN 60 OZ CLAM SHELL | H14: =VLOOKUP(F14,'Unit of Measure ship March 2026'!A:C,3,false) -> PK/5OZ
B15: 16981 | C15: =VLOOKUP(B15,'FML March 2026'!E:F,2,false) -> BRIE MON PERE 60% 3KG / DEXPA # 53726 | D15: =VLOOKUP(B15,'Unit of Measure ship March 2026'!A:C,3,false) -> LBS | F15: 15543 | G15: =VLOOKUP(F15,'FML March 2026'!E:F,2,false) -> CHERVIL, FRESH, 12BU 1 LB/CS | H15: =VLOOKUP(F15,'Unit of Measure ship March 2026'!A:C,3,false) -> LBS
B16: 109933 | C16: =VLOOKUP(B16,'FML March 2026'!E:F,2,false) -> BUTTER ALTERNATIVE VEGAN PLANT PERFECT (USA) | D16: =VLOOKUP(B16,'Unit of Measure ship March 2026'!A:C,3,false) -> LBS | F16: 15438 | G16: =VLOOKUP(F16,'FML March 2026'!E:F,2,false) -> CHIVES (12 BUNCH), 1 LB/CS | H16: =VLOOKUP(F16,'Unit of Measure ship March 2026'!A:C,3,false) -> LBS
B17: 15016 | C17: =VLOOKUP(B17,'FML March 2026'!E:F,2,false) -> BUTTER, UNSALTED, 82% FAT, FZN, 50/200 G | D17: =VLOOKUP(B17,'Unit of Measure ship March 2026'!A:C,3,false) -> LBS | F17: 15431 | G17: =VLOOKUP(F17,'FML March 2026'!E:F,2,false) -> CILANTRO (12 BUNCH) 1 LB/CS DOMESTIC | H17: =VLOOKUP(F17,'Unit of Measure ship March 2026'!A:C,3,false) -> LBS
B18: 43176 | C18: =VLOOKUP(B18,'FML March 2026'!E:F,2,false) -> BUTTER, UNSALTED, 84% FAT, EXTRA DRY, SHEETED, CROISSANT, FZN, 5/2 KG | D18: =VLOOKUP(B18,'Unit of Measure ship March 2026'!A:C,3,false) -> KG | F18: 111175 | G18: =VLOOKUP(F18,'FML March 2026'!E:F,2,false) -> CILANTRO MICRO FRESH HARPKE FAMILY FARM PK/5 OZ PACKED IN 60 OZ SIZE CLAM SHELL | H18: =VLOOKUP(F18,'Unit of Measure ship March 2026'!A:C,3,false) -> EA
B19: 14893 | C19: =VLOOKUP(B19,'FML March 2026'!E:F,2,false) -> BUTTERMILK LOCAL 10 DAYS CS9/HGAL | D19: =VLOOKUP(B19,'Unit of Measure ship March 2026'!A:C,3,false) -> QRT | F19: 10013 | G19: =VLOOKUP(F19,'FML March 2026'!E:F,2,false) -> CORN ON THE COB FRESH | H19: =VLOOKUP(F19,'Unit of Measure ship March 2026'!A:C,3,false) -> LBS
B20: 15893 | C20: =VLOOKUP(B20,'FML March 2026'!E:F,2,false) -> CASHEWS, RAW, WHOLE, #320, DRY, 1/50 LB | D20: =VLOOKUP(B20,'Unit of Measure ship March 2026'!A:C,3,false) -> LBS | F20: 109754 | G20: =VLOOKUP(F20,'FML March 2026'!E:F,2,false) -> CUCUMBER ENGLISH SEEDLESS, LARGE | H20: =VLOOKUP(F20,'Unit of Measure ship March 2026'!A:C,3,false) -> LBS
... B77: 16305 | C77: =VLOOKUP(B77,'FML March 2026'!E:F,2,false) -> PEPPERCORN WHITE WHOLE D`ALLESANDRO/ SPICECO | D77: =VLOOKUP(B77,'Unit of Measure ship March 2026'!A:C,3,false) -> LBS | F77: 15542 | G77: =VLOOKUP(F77,'FML March 2026'!E:F,2,false) -> ZUCCHINI MEDIUM #1 FANCY 20#/CS, 180-210 MM | H77: =VLOOKUP(F77,'Unit of Measure ship March 2026'!A:C,3,false) -> LBS
B78: 16285 | C78: =VLOOKUP(B78,'FML March 2026'!E:F,2,false) -> PEPPERCORN, BLACK, WHOLE, DRY, 6/420 G | D78: =VLOOKUP(B78,'Unit of Measure ship March 2026'!A:C,3,false) -> LBS
B79: 47893 | C79: =VLOOKUP(B79,'FML March 2026'!E:F,2,false) -> PICKLES KOSHER DRY B&G (USA) | D79: =VLOOKUP(B79,'Unit of Measure ship March 2026'!A:C,3,false) -> GAL
B80: 15894 | C80: =VLOOKUP(B80,'FML March 2026'!E:F,2,false) -> PISTACHIO NUTS WHOLE SHELLED RAW NUTLAND | D80: =VLOOKUP(B80,'Unit of Measure ship March 2026'!A:C,3,false) -> LBS
B81: 14967 | C81: =VLOOKUP(B81,'FML March 2026'!E:F,2,false) -> PLAIN PLANT BASED YOGURT (BULK PACK) | D81: =VLOOKUP(B81,'Unit of Measure ship March 2026'!A:C,3,false) -> PC24/OZ
B82: 16885 | C82: =VLOOKUP(B82,'FML March 2026'!E:F,2,false) -> POPCORN KERNELS YELLOW 50LB PACKER (USA) | D82: =VLOOKUP(B82,'Unit of Measure ship March 2026'!A:C,3,false) -> LBS
B83: 110935 | C83: =VLOOKUP(B83,'FML March 2026'!E:F,2,false) -> PORCINI POWDER | D83: =VLOOKUP(B83,'Unit of Measure ship March 2026'!A:C,3,false) -> LBS
B84: 14541 | C84: =VLOOKUP(B84,'FML March 2026'!E:F,2,false) -> PORK, BACON, SLICED, APPLEWOOD SMOKED, LAID OUT, 18-22/LB, FZN, 1/15 LB | D84: =VLOOKUP(B84,'Unit of Measure ship March 2026'!A:C,3,false) -> LBS
B85: 14541 | C85: =VLOOKUP(B85,'FML March 2026'!E:F,2,false) -> PORK, BACON, SLICED, APPLEWOOD SMOKED, LAID OUT, 18-22/LB, FZN, 1/15 LB | D85: =VLOOKUP(B85,'Unit of Measure ship March 2026'!A:C,3,false) -> LBS
B86: 101442 | C86: =VLOOKUP(B86,'FML March 2026'!E:F,2,false) -> PROSCIUTTO DI SAN DANIELE LEVONI BONELESS 16 MONTH RESERVE CS/16 LBS | D86: =VLOOKUP(B86,'Unit of Measure ship March 2026'!A:C,3,false) -> LBS
B87: 15897 | C87: =VLOOKUP(B87,'FML March 2026'!E:F,2,false) -> PUMPKIN SEEDS WHOLE SHELLED RAW 10 LB HIALEAH/ D`ALLESANDRO | D87: =VLOOKUP(B87,'Unit of Measure ship March 2026'!A:C,3,false) -> LBS
B88: 16946 | C88: =VLOOKUP(B88,'FML March 2026'!E:F,2,false) -> QUINOA WHITE | D88: =VLOOKUP(B88,'Unit of Measure ship March 2026'!A:C,3,false) -> PC/12OZ
B89: 142891 | C89: =VLOOKUP(B89,'FML March 2026'!E:F,2,false) -> SALT CURING PRAGUE #1 2.5 LB HOOSIER HILL | D89: =VLOOKUP(B89,'Unit of Measure ship March 2026'!A:C,3,false) -> LBS
... B124: 19409 | C124: =VLOOKUP(B124,'FML March 2026'!E:F,2,false) -> YUZU JUICE PURE UNSEASONED SHIBORI YAKAMI ORCHARD | D124: =VLOOKUP(B124,'Unit of Measure ship March 2026'!A:C,3,false) -> BT/750ML

Sheet 14 Pink Agave
B1: 14 - Pink Agave - Menu Basic Preperation 01/14/01 | F1: 14 - Pink Agave - Fruit & Vegetables 03/14/06 | J1: 14 - Pink Agave - Meat 05/14/03 | N1: 14 - Pink Agave - Fish & Seafood 05/14/04
B2: Code | C2: Ingredient Name | D2: UM | F2: Code | G2: Ingredient Name | H2: UM | J2: Code | K2: Ingredient Name | L2: UM | N2: Code | O2: Ingredient Name | P2: UM
B3: 111691 | C3: =VLOOKUP(B3,'FML March 2026'!E:F,2,false) -> ACHIOTE PASTE CS 12/3.5OZ EL YUCATECO | D3: =VLOOKUP(B3,'Unit of Measure ship March 2026'!A:C,3,false) -> LBS | F3: 37612 | G3: =VLOOKUP(F3,'FML March 2026'!E:F,2,false) -> AMARANTH CRESS | H3: =VLOOKUP(F3,'Unit of Measure ship March 2026'!A:C,3,false) -> LBS | J3: 34727 | K3: =VLOOKUP(J3,'FML March 2026'!E:F,2,false) -> BEEF EXPORT RIBS, CAB CHOICE 18/DOWN 4/PC, 30D AGE,BLST/FRZN (USA) NAMP-109E | L3: =VLOOKUP(J3,'Unit of Measure ship March 2026'!A:C,3,false) -> LBS | N3: 42269 | O3: =VLOOKUP(N3,'FML March 2026'!E:F,2,false) -> SHRIMP 16/20 RAW P&D TAIL-ON CS10/LB SURAM ROYAL WHITE (VIETNAM) | P3: =VLOOKUP(#REF!,'Unit of Measure ship March 2026'!A:C,3,false) -> #REF!
B4: 16262 | C4: =VLOOKUP(B4,'FML March 2026'!E:F,2,false) -> ALLSPICE BADIA | D4: =VLOOKUP(B4,'Unit of Measure ship March 2026'!A:C,3,false) -> LBS | F4: 15378 | G4: =VLOOKUP(F4,'FML March 2026'!E:F,2,false) -> AVOCADOS HASS FRESH CA-48PC FL-12/14PC 20# | H4: =VLOOKUP(F4,'Unit of Measure ship March 2026'!A:C,3,false) -> LBS | J4: 14576 | K4: =VLOOKUP(J4,'FML March 2026'!E:F,2,false) -> CHICKEN, FRYER, WOG, IND WRAPPED, NON-INJECTED, 2.50-3.25 LB EA, FZN, 12/1 EA | L4: =VLOOKUP(J4,'Unit of Measure ship March 2026'!A:C,3,false) -> LBS | N4: 53677 | O4: =VLOOKUP(N4,'FML March 2026'!E:F,2,false) -> STRIPED BASS FILLET WILD SKIN-ON 2/3 LB IQFCS/25 LB | P4: =VLOOKUP(N3,'Unit of Measure ship March 2026'!A:C,3,false) -> LBS
B5: 16304 | C5: =VLOOKUP(B5,'FML March 2026'!E:F,2,false) -> ANISE STAR BADIA | D5: =VLOOKUP(B5,'Unit of Measure ship March 2026'!A:C,3,false) -> UNIT/8OZ | F5: 15605 | G5: =VLOOKUP(F5,'FML March 2026'!E:F,2,false) -> BEANS FRESH EXTRA FINE GREEN (FRENCH) 1/5 (HARICOT VERT) | H5: =VLOOKUP(F5,'Unit of Measure ship March 2026'!A:C,3,false) -> LBS | J5: 14573 | K5: =VLOOKUP(J5,'FML March 2026'!E:F,2,false) -> DUCK WHOLE GRADE, "A" 4.00 - 5.0LB CS6/PC | L5: =VLOOKUP(J5,'Unit of Measure ship March 2026'!A:C,3,false) -> LBS | N5: 14651 | O5: =VLOOKUP(N5,'FML March 2026'!E:F,2,false) -> TUNA LOIN SKINLESS FROZEN, (IP IS FTZ) (YEMEN) | P5: LBS
B6: 109664 | C6: =VLOOKUP(B6,'FML March 2026'!E:F,2,false) -> APPLE CIDER VINEGAR SPARROW LANE V | D6: =VLOOKUP(B6,'Unit of Measure ship March 2026'!A:C,3,false) -> GAL | F6: 111931 | G6: =VLOOKUP(F6,'FML March 2026'!E:F,2,false) -> CACTUS PEAR RED XOCONOSTLE 30/36 CT | H6: =VLOOKUP(F6,'Unit of Measure ship March 2026'!A:C,3,false) -> LBS | J6: 10533 | K6: =VLOOKUP(J6,'FML March 2026'!E:F,2,false) -> PORK SHOULDER BUTT BONELESS | L6: =VLOOKUP(J6,'Unit of Measure ship March 2026'!A:C,3,false) -> LBS
B7: 30023 | C7: =VLOOKUP(B7,'FML March 2026'!E:F,2,false) -> BANANA LEAVES, 30/1 LB, SUN VOI (THAILAND) | D7: =VLOOKUP(B7,'Unit of Measure ship March 2026'!A:C,3,false) -> LBS | F7: 15559 | G7: =VLOOKUP(F7,'FML March 2026'!E:F,2,false) -> CARROTS MINI W/TOPS, PEELED, 1/5LB, VAC. PACK | H7: =VLOOKUP(F7,'Unit of Measure ship March 2026'!A:C,3,false) -> LBS
B8: 16250 | C8: =VLOOKUP(B8,'FML March 2026'!E:F,2,false) -> BAY LEAVES WHOLE D`ALLESANDRO/ SPICECO | D8: =VLOOKUP(B8,'Unit of Measure ship March 2026'!A:C,3,false) -> LBS | F8: 15589 | G8: =VLOOKUP(F8,'FML March 2026'!E:F,2,false) -> CHAYOTE, SELECT, 48CT 40#/CS | H8: =VLOOKUP(F8,'Unit of Measure ship March 2026'!A:C,3,false) -> LBS
B9: 16178 | C9: =VLOOKUP(B9,'FML March 2026'!E:F,2,false) -> BEANS BLACK COMMERCIAL DE LEGUMBRES/ TORINO | D9: =VLOOKUP(B9,'Unit of Measure ship March 2026'!A:C,3,false) -> LBS | F9: 15431 | G9: =VLOOKUP(F9,'FML March 2026'!E:F,2,false) -> CILANTRO (12 BUNCH) 1 LB/CS DOMESTIC | H9: =VLOOKUP(F9,'Unit of Measure ship March 2026'!A:C,3,false) -> LBS
B10: 24910 | C10: =VLOOKUP(B10,'FML March 2026'!E:F,2,false) -> BEANS, PINTO DRY (VV) | D10: =VLOOKUP(B10,'Unit of Measure ship March 2026'!A:C,3,false) -> LBS | F10: 111175 | G10: =VLOOKUP(F10,'FML March 2026'!E:F,2,false) -> CILANTRO MICRO FRESH HARPKE FAMILY FARM PK/5 OZ PACKED IN 60 OZ SIZE CLAM SHELL | H10: =VLOOKUP(F10,'Unit of Measure ship March 2026'!A:C,3,false) -> EA
B11: 109933 | C11: =VLOOKUP(B11,'FML March 2026'!E:F,2,false) -> BUTTER ALTERNATIVE VEGAN PLANT PERFECT (USA) | D11: =VLOOKUP(B11,'Unit of Measure ship March 2026'!A:C,3,false) -> LBS | F11: 10013 | G11: =VLOOKUP(F11,'FML March 2026'!E:F,2,false) -> CORN ON THE COB FRESH | H11: =VLOOKUP(F11,'Unit of Measure ship March 2026'!A:C,3,false) -> LBS
B12: 15016 | C12: =VLOOKUP(B12,'FML March 2026'!E:F,2,false) -> BUTTER, UNSALTED, 82% FAT, FZN, 50/200 G | D12: =VLOOKUP(B12,'Unit of Measure ship March 2026'!A:C,3,false) -> LBS | F12: 15462 | G12: =VLOOKUP(F12,'FML March 2026'!E:F,2,false) -> CUCUMBERS SEEDLESS LARGE, PLASTIC WRAPPED 13# | H12: =VLOOKUP(F12,'Unit of Measure ship March 2026'!A:C,3,false) -> LBS
B13: 111964 | C13: =VLOOKUP(B13,'FML March 2026'!E:F,2,false) -> CHEESE COTIJA QUESO CASE 2/5 LB SUPREMO VV | D13: =VLOOKUP(B13,'Unit of Measure ship March 2026'!A:C,3,false) -> LBS | F13: 15466 | G13: =VLOOKUP(F13,'FML March 2026'!E:F,2,false) -> GARLIC CRATE JUMBO 30# 8 CT | H13: =VLOOKUP(F13,'Unit of Measure ship March 2026'!A:C,3,false) -> LBS
B14: 111930 | C14: =VLOOKUP(B14,'FML March 2026'!E:F,2,false) -> CHEESE OAXACA FRESH CS2/5LB SUPREMO VV | D14: =VLOOKUP(B14,'Unit of Measure ship March 2026'!A:C,3,false) -> LBS | F14: 30639 | G14: =VLOOKUP(F14,'FML March 2026'!E:F,2,false) -> GARLIC PEELED | H14: =VLOOKUP(F14,'Unit of Measure ship March 2026'!A:C,3,false) -> LBS
B15: 15701 | C15: =VLOOKUP(B15,'FML March 2026'!E:F,2,false) -> CHERRIES, RED DRIED SWEET (USA) | D15: =VLOOKUP(B15,'Unit of Measure ship March 2026'!A:C,3,false) -> LBS | F15: 61703 | G15: =VLOOKUP(F15,'FML March 2026'!E:F,2,false) -> HABANERO PEPPERS FRESH | H15: =VLOOKUP(F15,'Unit of Measure ship March 2026'!A:C,3,false) -> LBS
B16: 109681 | C16: =VLOOKUP(B16,'FML March 2026'!E:F,2,false) -> CHICKEN STOCK CS4.5 LT SAVORY CHOICE FLAVOR | D16: =VLOOKUP(B16,'Unit of Measure ship March 2026'!A:C,3,false) -> LITER | F16: 15463 | G16: =VLOOKUP(F16,'FML March 2026'!E:F,2,false) -> JICAMA FRESH | H16: =VLOOKUP(F16,'Unit of Measure ship March 2026'!A:C,3,false) -> LBS
B17: 22328 | C17: =VLOOKUP(B17,'FML March 2026'!E:F,2,false) -> CHILI ANCHO DRY CS5/LBS | D17: =VLOOKUP(B17,'Unit of Measure ship March 2026'!A:C,3,false) -> KG | F17: 15471 | G17: =VLOOKUP(F17,'FML March 2026'!E:F,2,false) -> LEEKS LARGE FRESH 12 BU 15# | H17: =VLOOKUP(F17,'Unit of Measure ship March 2026'!A:C,3,false) -> LBS
B18: 108523 | C18: =VLOOKUP(B18,'FML March 2026'!E:F,2,false) -> CHOCOLATE MEXIQUE 70% - ORIGINE DARK CHOCOLATE CS4/2.5 KG COCOA BARRY | D18: =VLOOKUP(B18,'Unit of Measure ship March 2026'!A:C,3,false) -> LBS | F18: 15397 | G18: =VLOOKUP(F18,'FML March 2026'!E:F,2,false) -> LEMONS FRESH FIRM FANCY CALIF. SUNKIST #1 200CT 40# | H18: =VLOOKUP(F18,'Unit of Measure ship March 2026'!A:C,3,false) -> LBS
... B42: 16377 | C42: =VLOOKUP(B42,'FML March 2026'!E:F,2,false) -> OIL, 100% VEGETABLE SOYBEAN, DRY, 4/5 LT | D42: =VLOOKUP(B42,'Unit of Measure ship March 2026'!A:C,3,false) -> C4/5LT | F42: 15568 | G42: =VLOOKUP(F42,'FML March 2026'!E:F,2,false) -> TOMATOES, TOMATILLOS 10# | H42: =VLOOKUP(F42,'Unit of Measure ship March 2026'!A:C,3,false) -> LBS
B43: 106302 | C43: =VLOOKUP(B43,'FML March 2026'!E:F,2,false) -> OREGANO MEXICAN DRY CS1/LBS TERRA SPICE | D43: =VLOOKUP(B43,'Unit of Measure ship March 2026'!A:C,3,false) -> OZ
B44: 109697 | C44: =VLOOKUP(B44,'FML March 2026'!E:F,2,false) -> PAPRIKA SMOKED PKG 26.46 OZ LA CHINATA | D44: =VLOOKUP(B44,'Unit of Measure ship March 2026'!A:C,3,false) -> KG
B45: 111994 | C45: =VLOOKUP(B45,'FML March 2026'!E:F,2,false) -> PASSION FRUIT ARABESCHI CS 6/1 KG PREGEL | D45: =VLOOKUP(B45,'Unit of Measure ship March 2026'!A:C,3,false) -> LBS
B46: 108553 | C46: =VLOOKUP(B46,'FML March 2026'!E:F,2,false) -> PEPPER ARBOL D'ALLESANDRO CS/5LB | D46: =VLOOKUP(B46,'Unit of Measure ship March 2026'!A:C,3,false) -> KG
B47: 33681 | C47: =VLOOKUP(B47,'FML March 2026'!E:F,2,false) -> PEPPER BLACK GROUND BADIA (USA ) | D47: =VLOOKUP(B47,'Unit of Measure ship March 2026'!A:C,3,false) -> LBS
B48: 111695 | C48: =VLOOKUP(B48,'FML March 2026'!E:F,2,false) -> PEPPER CHILI DRIED CASCABEL PKG1/LB | D48: =VLOOKUP(B48,'Unit of Measure ship March 2026'!A:C,3,false) -> LBS
B49: 111696 | C49: =VLOOKUP(B49,'FML March 2026'!E:F,2,false) -> PEPPER CHILI DRIED MORITA PKG1/LB WOODLAND FARMS | D49: =VLOOKUP(B49,'Unit of Measure ship March 2026'!A:C,3,false) -> LBS
B50: 111701 | C50: =VLOOKUP(B50,'FML March 2026'!E:F,2,false) -> PEPPER GUAJILLO DRIED CS5/LB MI BARRIO | D50: =VLOOKUP(B50,'Unit of Measure ship March 2026'!A:C,3,false) -> LBS
B51: 16285 | C51: =VLOOKUP(B51,'FML March 2026'!E:F,2,false) -> PEPPERCORN, BLACK, WHOLE, DRY, 6/420 G | D51: =VLOOKUP(B51,'Unit of Measure ship March 2026'!A:C,3,false) -> LBS
B52: 111821 | C52: =VLOOKUP(B52,'FML March 2026'!E:F,2,false) -> PILONCILLO CONO-PANELA CS25/8OZ GOYA | D52: =VLOOKUP(B52,'Unit of Measure ship March 2026'!A:C,3,false) -> LBS
B53: 15897 | C53: =VLOOKUP(B53,'FML March 2026'!E:F,2,false) -> PUMPKIN SEEDS WHOLE SHELLED RAW 10 LB HIALEAH/ D`ALLESANDRO | D53: =VLOOKUP(B53,'Unit of Measure ship March 2026'!A:C,3,false) -> LBS
B54: 111998 | C54: =VLOOKUP(B54,'FML March 2026'!E:F,2,false) -> PUREE TAMARIND CS6/30 OZ PERFECT PUREE | D54: =VLOOKUP(B54,'Unit of Measure ship March 2026'!A:C,3,false) -> LBS
... B63: 49450 | C63: =VLOOKUP(B63,'FML March 2026'!E:F,2,false) -> WHIPPING CREAM (35% TO 36%) UHT | D63: =VLOOKUP(B63,'Unit of Measure ship March 2026'!A:C,3,false) -> QRT

Sheet 15 Razzle Dazzle SCL
A1: 15 - Razzle Dazzle - Menu Basic Preperations 01/15/01 | E1: 15 - Razzle Dazzle - Vegetables & Fruit 03/15/06 | I1: 15 - Razzle Dazzle - Meat 05/15/03 | M1: 15 - Razzle Dazzle - Fish & Seafood 05/15/04
A2: Code | B2: Ingredient Name | C2: UM | E2: Code | F2: Ingredient Name | G2: UM | I2: Code | J2: Ingredient Name | K2: UM | M2: Code | N2: Ingredient Name | O2: UM
A3: 111083 | B3: =VLOOKUP(A3,'FML March 2026'!E:F,2,false) -> ALEPPO PEPPER PKG 1/LB LA BOITE | C3: =VLOOKUP(A3,'Unit of Measure ship March 2026'!A:C,3,false) -> LBS | E3: 20895 | F3: =VLOOKUP(E3,'FML March 2026'!E:F,2,false) -> ASIAN LONG RED CHILI, FRESH MEDIUM HOT | G3: =VLOOKUP(E3,'Unit of Measure ship March 2026'!A:C,3,false) -> LBS | I3: 34727 | J3: =VLOOKUP(I3,'FML March 2026'!E:F,2,false) -> BEEF EXPORT RIBS, CAB CHOICE 18/DOWN 4/PC, 30D AGE,BLST/FRZN (USA) NAMP-109E | K3: =VLOOKUP(I3,'Unit of Measure ship March 2026'!A:C,3,false) -> LBS | M3: 53625 | N3: =VLOOKUP(M3,'FML March 2026'!E:G,2,false) -> SALMON FILLET, ATLANTIC, PREMIUM, FROZEN, 3 - 4 LB D-TRIM INDV. CRYOVAC (CHILE) | O3: =VLOOKUP(M3,'Unit of Measure ship March 2026'!A:C,3,false) -> LBS
A4: 16262 | B4: =VLOOKUP(A4,'FML March 2026'!E:F,2,false) -> ALLSPICE BADIA | C4: =VLOOKUP(A4,'Unit of Measure ship March 2026'!A:C,3,false) -> LBS | E4: 15572 | F4: =VLOOKUP(E4,'FML March 2026'!E:F,2,false) -> ASPARAGUS, FRESH, LARGE, FULL 11# BOX, 17 PC/BOX | G4: =VLOOKUP(E4,'Unit of Measure ship March 2026'!A:C,3,false) -> LBS | I4: 11695 | J4: =VLOOKUP(I4,'FML March 2026'!E:F,2,false) -> CHICKEN LEG/THIGH BONELESS & SKINLESS FROZEN | K4: =VLOOKUP(I4,'Unit of Measure ship March 2026'!A:C,3,false) -> LBS | M4: 42269 | N4: =VLOOKUP(M4,'FML March 2026'!E:G,2,false) -> SHRIMP 16/20 RAW P&D TAIL-ON CS10/LB SURAM ROYAL WHITE (VIETNAM) | O4: =VLOOKUP(M4,'Unit of Measure ship March 2026'!A:C,3,false) -> LBS
A5: 16304 | B5: =VLOOKUP(A5,'FML March 2026'!E:F,2,false) -> ANISE STAR BADIA | C5: =VLOOKUP(A5,'Unit of Measure ship March 2026'!A:C,3,false) -> UNIT/8OZ | E5: 15378 | F5: =VLOOKUP(E5,'FML March 2026'!E:F,2,false) -> AVOCADOS HASS FRESH CA-48PC FL-12/14PC 20# | G5: =VLOOKUP(E5,'Unit of Measure ship March 2026'!A:C,3,false) -> LBS | I5: 14502 | J5: =VLOOKUP(I5,'FML March 2026'!E:F,2,false) -> CHICKEN NECKS/BACKS 50# SKIN-ON (PLASTIC WRAPPED) (USA) | K5: =VLOOKUP(I5,'Unit of Measure ship March 2026'!A:C,3,false) -> LBS | M5: 14830 | N5: =VLOOKUP(M5,'FML March 2026'!E:G,2,false) -> SQUID WHOLE CLEANED 5/8 CT 4/2.5 LB CS FISHERMAN`S PRIDE (CHINA) | O5: =VLOOKUP(M5,'Unit of Measure ship March 2026'!A:C,3,false) -> LBS
A6: 109664 | B6: =VLOOKUP(A6,'FML March 2026'!E:F,2,false) -> APPLE CIDER VINEGAR SPARROW LANE V | C6: =VLOOKUP(A6,'Unit of Measure ship March 2026'!A:C,3,false) -> GAL | E6: 15449 | F6: =VLOOKUP(E6,'FML March 2026'!E:F,2,false) -> BEET ROOTS LARGE 1/25# | G6: =VLOOKUP(E6,'Unit of Measure ship March 2026'!A:C,3,false) -> LBS | I6: 14573 | J6: =VLOOKUP(I6,'FML March 2026'!E:F,2,false) -> DUCK WHOLE GRADE, "A" 4.00 - 5.0LB CS6/PC | K6: =VLOOKUP(I6,'Unit of Measure ship March 2026'!A:C,3,false) -> LBS | M6: 33510 | N6: =VLOOKUP(M6,'FML March 2026'!E:G,2,false) -> WHOLE RED SNAPPER FROZEN, 1-2LB | O6: LBS
A7: 109686 | B7: =VLOOKUP(A7,'FML March 2026'!E:F,2,false) -> BACON, NUESKE 24 HOUR APPLEWOOD SMOKED BACON (NUESKI 2131) | C7: =VLOOKUP(A7,'Unit of Measure ship March 2026'!A:C,3,false) -> LBS | E7: 15333 | F7: =VLOOKUP(E7,'FML March 2026'!E:F,2,false) -> BLACKBERRIES FRESH 12 1/2 PT 4.5# | G7: =VLOOKUP(E7,'Unit of Measure ship March 2026'!A:C,3,false) -> LBS | I7: 14443 | J7: =VLOOKUP(I7,'FML March 2026'!E:F,2,false) -> PORK LOIN BACK RIBS 1-1/2# DOWN DOMESTIC NAMP 422 (USA) | K7: =VLOOKUP(I7,'Unit of Measure ship March 2026'!A:C,3,false) -> LBS
A8: 16250 | B8: =VLOOKUP(A8,'FML March 2026'!E:F,2,false) -> BAY LEAVES WHOLE D`ALLESANDRO/ SPICECO | C8: =VLOOKUP(A8,'Unit of Measure ship March 2026'!A:C,3,false) -> LBS | E8: 15335 | F8: =VLOOKUP(E8,'FML March 2026'!E:F,2,false) -> BLUEBERRIES FRESH 12 1/2 PT 4.5# | G8: =VLOOKUP(E8,'Unit of Measure ship March 2026'!A:C,3,false) -> LBS | I8: 14399 | J8: =VLOOKUP(I8,'FML March 2026'!E:F,2,false) -> PORK LOIN WHOLE CRYOVAC 22-24 DOWN BONE IN, NAMP411 (USA) | K8: =VLOOKUP(I8,'Unit of Measure ship March 2026'!A:C,3,false) -> LBS
A9: 109688 | B9: =VLOOKUP(A9,'FML March 2026'!E:F,2,false) -> BEE POLLEN FRONTIER HERB | C9: =VLOOKUP(A9,'Unit of Measure ship March 2026'!A:C,3,false) -> PEA1/OZ | E9: 15606 | F9: =VLOOKUP(E9,'FML March 2026'!E:F,2,false) -> BOK CHOY BABY | G9: =VLOOKUP(E9,'Unit of Measure ship March 2026'!A:C,3,false) -> LBS | I9: 10533 | J9: =VLOOKUP(I9,'FML March 2026'!E:F,2,false) -> PORK SHOULDER BUTT BONELESS | K9: =VLOOKUP(I9,'Unit of Measure ship March 2026'!A:C,3,false) -> LBS
A10: 109712 | B10: =VLOOKUP(A10,'FML March 2026'!E:F,2,false) -> BREAD SOURDOUGH COUNTRY WHEAT BRD40B19 1KG LOAF ZAK THE BAKER | C10: =VLOOKUP(A10,'Unit of Measure ship March 2026'!A:C,3,false) -> LV | E10: 38191 | F10: =VLOOKUP(E10,'FML March 2026'!E:F,2,false) -> BRUSSELS SPROUTS SMALL | G10: =VLOOKUP(E10,'Unit of Measure ship March 2026'!A:C,3,false) -> LBS
A11: 15016 | B11: =VLOOKUP(A11,'FML March 2026'!E:F,2,false) -> BUTTER, UNSALTED, 82% FAT, FZN, 50/200 G | C11: =VLOOKUP(A11,'Unit of Measure ship March 2026'!A:C,3,false) -> LBS | E11: 15454 | F11: =VLOOKUP(E11,'FML March 2026'!E:F,2,false) -> CABBAGE GREEN COMM MED/LG TRIMMED 50# | G11: =VLOOKUP(E11,'Unit of Measure ship March 2026'!A:C,3,false) -> LBS
A12: 14893 | B12: =VLOOKUP(A12,'FML March 2026'!E:F,2,false) -> BUTTERMILK LOCAL 10 DAYS CS9/HGAL | C12: =VLOOKUP(A12,'Unit of Measure ship March 2026'!A:C,3,false) -> QRT | E12: 15456 | F12: =VLOOKUP(E12,'FML March 2026'!E:F,2,false) -> CABBAGE NAPA 12CT 30# | G12: =VLOOKUP(E12,'Unit of Measure ship March 2026'!A:C,3,false) -> LBS
A13: 15816 | B13: =VLOOKUP(A13,'FML March 2026'!E:F,2,false) -> CARAWAY SEEDS WHOLE 16 OZ D BADIA | C13: =VLOOKUP(A13,'Unit of Measure ship March 2026'!A:C,3,false) -> LBS | E13: 15458 | F13: =VLOOKUP(E13,'FML March 2026'!E:F,2,false) -> CARROTS CLIP TOP 50# | G13: =VLOOKUP(E13,'Unit of Measure ship March 2026'!A:C,3,false) -> LBS
A14: 35186 | B14: =VLOOKUP(A14,'FML March 2026'!E:F,2,false) -> CELERY SALT 32 OZ D`ALLESANDRO/ SPICE CO | C14: =VLOOKUP(A14,'Unit of Measure ship March 2026'!A:C,3,false) -> JAR/32OZ | E14: 24674 | F14: =VLOOKUP(E14,'FML March 2026'!E:F,2,false) -> CARROTS LOOSE CAL. JUMBO, 50LBS | G14: =VLOOKUP(E14,'Unit of Measure ship March 2026'!A:C,3,false) -> LBS
A15: 11957 | B15: =VLOOKUP(A15,'FML March 2026'!E:F,2,false) -> CELERY SEEDS WHOLE 16 OZ D`ALLESANDRO/ SPICE CO | C15: =VLOOKUP(A15,'Unit of Measure ship March 2026'!A:C,3,false) -> LBS | E15: 15459 | F15: =VLOOKUP(E15,'FML March 2026'!E:F,2,false) -> CAULIFLOWER #1 CAL. 12 CT 25# | G15: =VLOOKUP(E15,'Unit of Measure ship March 2026'!A:C,3,false) -> LBS
A16: 15701 | B16: =VLOOKUP(A16,'FML March 2026'!E:F,2,false) -> CHERRIES, RED DRIED SWEET (USA) | C16: =VLOOKUP(A16,'Unit of Measure ship March 2026'!A:C,3,false) -> LBS | E16: 110917 | F16: =VLOOKUP(E16,'FML March 2026'!E:F,2,false) -> CAULIFLOWER ORANGE 12CT (28LB) | G16: =VLOOKUP(E16,'Unit of Measure ship March 2026'!A:C,3,false) -> LBS
A17: 110039 | B17: =VLOOKUP(A17,'FML March 2026'!E:F,2,false) -> CHILI PEPPER THREADS KOREAN WHOLE PKG 1 OZ SPICEOLOGY | C17: =VLOOKUP(A17,'Unit of Measure ship March 2026'!A:C,3,false) -> OZ | E17: 110078 | F17: =VLOOKUP(E17,'FML March 2026'!E:F,2,false) -> CAULIFLOWER PURPLR FRESH | G17: =VLOOKUP(E17,'Unit of Measure ship March 2026'!A:C,3,false) -> EA
A18: 16252 | B18: =VLOOKUP(A18,'FML March 2026'!E:F,2,false) -> CHILI POWDER 16 OZ D`ALLESANDRO/ SPICECO | C18: =VLOOKUP(A18,'Unit of Measure ship March 2026'!A:C,3,false) -> LBS | E18: 15562 | F18: =VLOOKUP(E18,'FML March 2026'!E:F,2,false) -> CELERIAC (CELERY ROOT) 20# | G18: =VLOOKUP(E18,'Unit of Measure ship March 2026'!A:C,3,false) -> LBS
A19: 16265 | B19: =VLOOKUP(A19,'FML March 2026'!E:F,2,false) -> CHINESE FIVE SPICE 16 OZ D`ALLESANDRO/ SPICECO | C19: =VLOOKUP(A19,'Unit of Measure ship March 2026'!A:C,3,false) -> LBS | E19: 15460 | F19: =VLOOKUP(E19,'FML March 2026'!E:F,2,false) -> CELERY #1 CAL. 36CT 60# | G19: =VLOOKUP(E19,'Unit of Measure ship March 2026'!A:C,3,false) -> LBS
A20: 16267 | B20: =VLOOKUP(A20,'FML March 2026'!E:F,2,false) -> CINNAMON STICKS BADIA (USA) | C20: =VLOOKUP(A20,'Unit of Measure ship March 2026'!A:C,3,false) -> LBS | E20: 15460 | F20: =VLOOKUP(E20,'FML March 2026'!E:F,2,false) -> CELERY #1 CAL. 36CT 60# | G20: =VLOOKUP(E20,'Unit of Measure ship March 2026'!A:C,3,false) -> LBS
A21: 16288 | B21: =VLOOKUP(A21,'FML March 2026'!E:F,2,false) -> CORIANDER WHOLE BADIA (USA ) | C21: =VLOOKUP(A21,'Unit of Measure ship March 2026'!A:C,3,false) -> LBS | E21: 109760 | F21: =VLOOKUP(E21,'FML March 2026'!E:F,2,false) -> CELERY MICRO HARPKE FAMILY FARM - PK/5 OZ PACKED IN 60 OZ CLAM SHELL | G21: =VLOOKUP(E21,'Unit of Measure ship March 2026'!A:C,3,false) -> PK/5OZ
... A70: 52603 | B70: =VLOOKUP(A70,'FML March 2026'!E:F,2,false) -> OLIVE/CANOLA BLEND OIL | C70: =VLOOKUP(A70,'Unit of Measure ship March 2026'!A:C,3,false) -> LT | E70: 15425 | F70: =VLOOKUP(E70,'FML March 2026'!E:F,2,false) -> WATERMELONS SEEDLESS 4CT/6C 32# | G70: =VLOOKUP(E70,'Unit of Measure ship March 2026'!A:C,3,false) -> LBS
A71: 142069 | B71: =VLOOKUP(A71,'FML March 2026'!E:F,2,false) -> ONION MINCED BADIA | C71: =VLOOKUP(A71,'Unit of Measure ship March 2026'!A:C,3,false) -> LBS
A72: 105727 | B72: =VLOOKUP(A72,'FML March 2026'!E:F,2,false) -> OYSTER SAUCE MSG FREE | C72: =VLOOKUP(A72,'Unit of Measure ship March 2026'!A:C,3,false) -> CAN/5LB
A73: 16269 | B73: =VLOOKUP(A73,'FML March 2026'!E:F,2,false) -> PAPRIKA SPANISH MUNOZ Y PUJANTE/ D`ALLESANDRO/ SPICECO | C73: =VLOOKUP(A73,'Unit of Measure ship March 2026'!A:C,3,false) -> LBS
A74: 43805 | B74: =VLOOKUP(A74,'FML March 2026'!E:F,2,false) -> PEAS, GREEN, GRADE A, IQF, FZN, 1/10 KG | C74: =VLOOKUP(A74,'Unit of Measure ship March 2026'!A:C,3,false) -> LBS
A75: 108553 | B75: =VLOOKUP(A75,'FML March 2026'!E:F,2,false) -> PEPPER ARBOL D'ALLESANDRO CS/5LB | C75: =VLOOKUP(A75,'Unit of Measure ship March 2026'!A:C,3,false) -> KG
A76: 33681 | B76: =VLOOKUP(A76,'FML March 2026'!E:F,2,false) -> PEPPER BLACK GROUND BADIA (USA ) | C76: =VLOOKUP(A76,'Unit of Measure ship March 2026'!A:C,3,false) -> LBS
A77: 33681 | B77: =VLOOKUP(A77,'FML March 2026'!E:F,2,false) -> PEPPER BLACK GROUND BADIA (USA ) | C77: =VLOOKUP(A77,'Unit of Measure ship March 2026'!A:C,3,false) -> LBS
A78: 16302 | B78: =VLOOKUP(A78,'FML March 2026'!E:F,2,false) -> PEPPER CAYENNE GROUND BADIA (USA ) | C78: =VLOOKUP(A78,'Unit of Measure ship March 2026'!A:C,3,false) -> LBS
A79: 16272 | B79: =VLOOKUP(A79,'FML March 2026'!E:F,2,false) -> PEPPER WHITE GROUND D`ALLESANDRO/ SPICECO | C79: =VLOOKUP(A79,'Unit of Measure ship March 2026'!A:C,3,false) -> LBS
A80: 30052 | B80: =VLOOKUP(A80,'FML March 2026'!E:F,2,false) -> PEPPERCORN SZECHWAN 8 OZ D`ALLESANDRO/ PACKER | C80: =VLOOKUP(A80,'Unit of Measure ship March 2026'!A:C,3,false) -> LBS
A81: 16285 | B81: =VLOOKUP(A81,'FML March 2026'!E:F,2,false) -> PEPPERCORN, BLACK, WHOLE, DRY, 6/420 G | C81: =VLOOKUP(A81,'Unit of Measure ship March 2026'!A:C,3,false) -> LBS
A82: 109709 | B82: =VLOOKUP(A82,'FML March 2026'!E:F,2,false) -> PIERRE POIVRE PEPPER (LA BOITE A EPICE BRAND) | C82: =VLOOKUP(A82,'Unit of Measure ship March 2026'!A:C,3,false) -> UNT/16OZ
... A93: 20880 | B93: =VLOOKUP(A93,'FML March 2026'!E:F,2,false) -> SALT SEA MALDON | C93: =VLOOKUP(A93,'Unit of Measure ship March 2026'!A:C,3,false) -> LBS
A94: 149880 | B94: =VLOOKUP(A94,'FML March 2026'!E:F,2,false) -> SALTED SPICY RADISH | C94: GR
A95: 16409 | B95: =VLOOKUP(A95,'FML March 2026'!E:F,2,false) -> SAMBAL OELEK CHILI SAUCE | C95: =VLOOKUP(A95,'Unit of Measure ship March 2026'!A:C,3,false) -> BT/18OZ
A96: 51001 | B96: =VLOOKUP(A96,'FML March 2026'!E:F,2,false) -> SAUCE, SWEET CHILI, MAE PLOY, SWCHIX730, DRY, 12/32 OZ | C96: =VLOOKUP(A96,'Unit of Measure ship March 2026'!A:C,3,false) -> C12/32OZ
A97: 15818 | B97: =VLOOKUP(A97,'FML March 2026'!E:F,2,false) -> SESAME SEEDS WHITE BADIA (USA ) | C97: =VLOOKUP(A97,'Unit of Measure ship March 2026'!A:C,3,false) -> LBS
A98: 20150 | B98: =VLOOKUP(A98,'FML March 2026'!E:F,2,false) -> SOY SAUCE 4/1 GALLON KIKKOMAN | C98: =VLOOKUP(A98,'Unit of Measure ship March 2026'!A:C,3,false) -> GAL
A99: 149549 | B99: =VLOOKUP(A99,'FML March 2026'!E:F,2,false) -> SOY SAUCE DARK CS 12/4LB CHINESE | C99: LBS
A100: 109689 | B100: =VLOOKUP(A100,'FML March 2026'!E:F,2,false) -> SPICE BLEND REIMS LA BOITE | C100: =VLOOKUP(A100,'Unit of Measure ship March 2026'!A:C,3,false) -> PKG/1LB
A101: 20879 | B101: =VLOOKUP(A101,'FML March 2026'!E:F,2,false) -> SRIRACHA, HOT CHILI SAUCE, HUY FONG, 28OZ | C101: =VLOOKUP(A101,'Unit of Measure ship March 2026'!A:C,3,false) -> BT/17OZ
A102: 15646 | B102: =VLOOKUP(A102,'FML March 2026'!E:F,2,false) -> SUGAR BROWN DARK 24/1LB DOMINO (404310) (USA) | C102: =VLOOKUP(A102,'Unit of Measure ship March 2026'!A:C,3,false) -> LBS
A103: 109843 | B103: =VLOOKUP(A103,'FML March 2026'!E:F,2,false) -> SUGAR IN THE RAW CS12/2 LB | C103: =VLOOKUP(A103,'Unit of Measure ship March 2026'!A:C,3,false) -> KG
A104: 15642 | B104: =VLOOKUP(A104,'FML March 2026'!E:F,2,false) -> SUGAR, GRANULATED, ICUMSA 150, SUGARCANE, DRY, 1/50 LB | C104: =VLOOKUP(A104,'Unit of Measure ship March 2026'!A:C,3,false) -> LBS
A105: 15892 | B105: =VLOOKUP(A105,'FML March 2026'!E:F,2,false) -> SUNFLOWER SEEDS WHOLE SHELL-OFF RAW HIALEAH (USA ) | C105: =VLOOKUP(A105,'Unit of Measure ship March 2026'!A:C,3,false) -> LBS
A106: 29904 | B106: =VLOOKUP(A106,'FML March 2026'!E:F,2,false) -> SYRUP, MAPLE, 100% PURE, GRADE A, AMBER, DRY, 4/4 LT | C106: =VLOOKUP(A106,'Unit of Measure ship March 2026'!A:C,3,false) -> BOX/4LTR
A107: 110928 | B107: =VLOOKUP(A107,'FML March 2026'!E:F,2,false) -> TAHINI PASTE CS12/1LB SOOM | C107: =VLOOKUP(A107,'Unit of Measure ship March 2026'!A:C,3,false) -> LBS
A108: 16939 | B108: =VLOOKUP(A108,'FML March 2026'!E:F,2,false) -> TAMARI, GLUTEN FREE SOY SAUCE IH 11/20 | C108: =VLOOKUP(A108,'Unit of Measure ship March 2026'!A:C,3,false) -> PC/10OZ
A109: 109632 | B109: =VLOOKUP(A109,'FML March 2026'!E:F,2,false) -> TAPIOCA FLOUR BOBS RED MILL | C109: =VLOOKUP(A109,'Unit of Measure ship March 2026'!A:C,3,false) -> KG
A110: 112637 | B110: =VLOOKUP(A110,'FML March 2026'!E:F,2,false) -> TOBANJAN SAUCE CS12/17 OZ YOUKI | C110: =VLOOKUP(A110,'Unit of Measure ship March 2026'!A:C,3,false) -> PKG1/KG
A111: 15060 | B111: =VLOOKUP(A111,'FML March 2026'!E:F,2,false) -> TOFU FIRM, TUB | C111: =VLOOKUP(A111,'Unit of Measure ship March 2026'!A:C,3,false) -> PC/12OZ
... A127: 109846 | B127: =VLOOKUP(A127,'FML March 2026'!E:F,2,false) -> YOGURT GREEK BULK | C127: =VLOOKUP(A127,'Unit of Measure ship March 2026'!A:C,3,false) -> LBS

Sheet 15 Razzle Dazzle VAL - RES
B1: 15 - Razzle Dazzle - Menu Basic Preperation 01/15/01 | F1: 15 - Razzle Dazzle - Vegetables & Fruit 03/15/06 | J1: 15 - Razzle Dazzle - Meat 05/15/03 | N1: 15 - Razzle Dazzle - Fish & Seafood 05/15/04
B2: Code | C2: Ingredient Name | D2: UM | F2: Code | G2: Ingredient Name | H2: UM | J2: Code | K2: Ingredient Name | L2: UM | N2: Code | O2: Ingredient Name | P2: UM
B3: 51236 | C3: =VLOOKUP(B3,'FML March 2026'!E:F,2,false) -> ACID CITRIC 1 KG L. FRANCOIS CUISINE TECH | D3: =VLOOKUP(B3,'Unit of Measure ship March 2026'!A:C,3,false) -> LBS | F3: 110061 | G3: =VLOOKUP(F3,'FML March 2026'!E:F,2,false) -> APPLES GALA 125 CI | H3: =VLOOKUP(F3,'Unit of Measure ship March 2026'!A:C,3,false) -> LBS | J3: 34727 | K3: =VLOOKUP(J3,'FML March 2026'!E:F,2,false) -> BEEF EXPORT RIBS, CAB CHOICE 18/DOWN 4/PC, 30D AGE,BLST/FRZN (USA) NAMP-109E | L3: =VLOOKUP(J3,'Unit of Measure ship March 2026'!A:C,3,false) -> LBS | N3: 14752 | O3: =VLOOKUP(N3,'FML March 2026'!E:F,2,false) -> MAHI MAHI FILET SKIN ON UNTREATED FROZEN (IP IS FTZ) (YEMEN) | P3: LBS
B4: 111083 | C4: =VLOOKUP(B4,'FML March 2026'!E:F,2,false) -> ALEPPO PEPPER PKG 1/LB LA BOITE | D4: =VLOOKUP(B4,'Unit of Measure ship March 2026'!A:C,3,false) -> LBS | F4: 23757 | G4: =VLOOKUP(F4,'FML March 2026'!E:F,2,false) -> APPLES GRANNY SMITH 88CT 40#/CS | H4: =VLOOKUP(F4,'Unit of Measure ship March 2026'!A:C,3,false) -> LBS | J4: 102748 | K4: =VLOOKUP(J4,'FML March 2026'!E:F,2,false) -> BEEF PATTIES 5.33 OZ CHUCK/BRISKET/SHORT RIB CS/10 LB (USA) NAMP-1137 | L4: =VLOOKUP(J4,'Unit of Measure ship March 2026'!A:C,3,false) -> LBS | N4: 14670 | O4: =VLOOKUP(N4,'FML March 2026'!E:F,2,false) -> RED SNAPPER FILLET SKIN-ON 1-3 LB FROZEN (IP IS FTZ) (VIETNAM) | P4: =VLOOKUP(N4,'Unit of Measure ship March 2026'!A:C,3,false) -> LBS
B5: 16262 | C5: =VLOOKUP(B5,'FML March 2026'!E:F,2,false) -> ALLSPICE BADIA | D5: =VLOOKUP(B5,'Unit of Measure ship March 2026'!A:C,3,false) -> LBS | F5: 53697 | G5: =VLOOKUP(F5,'FML March 2026'!E:F,2,false) -> ARTICHOKE, JERUSALEM, FRESH | H5: =VLOOKUP(F5,'Unit of Measure ship March 2026'!A:C,3,false) -> LBS | J5: 110970 | K5: =VLOOKUP(J5,'FML March 2026'!E:F,2,false) -> BEEF SHORT RIBS BONELESS VV, NAMP-130A | L5: =VLOOKUP(J5,'Unit of Measure ship March 2026'!A:C,3,false) -> LBS | N5: 53625 | O5: =VLOOKUP(N5,'FML March 2026'!E:F,2,false) -> SALMON FILLET, ATLANTIC, PREMIUM, FROZEN, 3 - 4 LB D-TRIM INDV. CRYOVAC (CHILE) | P5: =VLOOKUP(N5,'Unit of Measure ship March 2026'!A:C,3,false) -> LBS
B6: 40445 | C6: =VLOOKUP(B6,'FML March 2026'!E:F,2,false) -> ALMOND BLANCHED FLOUR (USA ) | D6: =VLOOKUP(B6,'Unit of Measure ship March 2026'!A:C,3,false) -> LBS | F6: 24182 | G6: =VLOOKUP(F6,'FML March 2026'!E:F,2,false) -> ARUGULA, BABY | H6: =VLOOKUP(F6,'Unit of Measure ship March 2026'!A:C,3,false) -> LBS | J6: 11695 | K6: =VLOOKUP(J6,'FML March 2026'!E:F,2,false) -> CHICKEN LEG/THIGH BONELESS & SKINLESS FROZEN | L6: =VLOOKUP(J6,'Unit of Measure ship March 2026'!A:C,3,false) -> LBS | N6: 14714 | O6: =VLOOKUP(N6,'FML March 2026'!E:F,2,false) -> SMOKED SALMON SLAB LG. 2.0-2.5 LB VAC PK (USA) | P6: =VLOOKUP(N6,'Unit of Measure ship March 2026'!A:C,3,false) -> LBS
B7: 54020 | C7: =VLOOKUP(B7,'FML March 2026'!E:F,2,false) -> ALMOND MILK DIAMOND/ ALMOND BREEZE | D7: =VLOOKUP(B7,'Unit of Measure ship March 2026'!A:C,3,false) -> LT | F7: 15572 | G7: =VLOOKUP(F7,'FML March 2026'!E:F,2,false) -> ASPARAGUS, FRESH, LARGE, FULL 11# BOX, 17 PC/BOX | H7: =VLOOKUP(F7,'Unit of Measure ship March 2026'!A:C,3,false) -> LBS | J7: 62645 | K7: =VLOOKUP(J7,'FML March 2026'!E:F,2,false) -> CHICKEN WINGS WHOLE RAW JUMBO CS4/10 LB | L7: =VLOOKUP(J7,'Unit of Measure ship March 2026'!A:C,3,false) -> LBS | N7: 14651 | O7: =VLOOKUP(N7,'FML March 2026'!E:F,2,false) -> TUNA LOIN SKINLESS FROZEN, (IP IS FTZ) (YEMEN) | P7: =VLOOKUP(N7,'Unit of Measure ship March 2026'!A:C,3,false) -> LBS
B8: 110031 | C8: =VLOOKUP(B8,'FML March 2026'!E:F,2,false) -> ALMONDS MARCONA CS/11LBS SAVOR IMPORTS | D8: =VLOOKUP(B8,'Unit of Measure ship March 2026'!A:C,3,false) -> LBS | F8: 15378 | G8: =VLOOKUP(F8,'FML March 2026'!E:F,2,false) -> AVOCADOS HASS FRESH CA-48PC FL-12/14PC 20# | H8: =VLOOKUP(F8,'Unit of Measure ship March 2026'!A:C,3,false) -> LBS | J8: 14576 | K8: =VLOOKUP(J8,'FML March 2026'!E:F,2,false) -> CHICKEN, FRYER, WOG, IND WRAPPED, NON-INJECTED, 2.50-3.25 LB EA, FZN, 12/1 EA | L8: =VLOOKUP(J8,'Unit of Measure ship March 2026'!A:C,3,false) -> LBS
B9: 40136 | C9: =VLOOKUP(B9,'FML March 2026'!E:F,2,false) -> ALMONDS SLIVERED BLANCHED 5 LBS | D9: =VLOOKUP(B9,'Unit of Measure ship March 2026'!A:C,3,false) -> LBS | F9: 111708 | G9: =VLOOKUP(F9,'FML March 2026'!E:F,2,false) -> BABY TURNIP | H9: =VLOOKUP(F9,'Unit of Measure ship March 2026'!A:C,3,false) -> LBS | J9: 24773 | K9: =VLOOKUP(J9,'FML March 2026'!E:F,2,false) -> PORK BELLY RAW RIND-ON (USA) | L9: =VLOOKUP(J9,'Unit of Measure ship March 2026'!A:C,3,false) -> LBS
B10: 14498 | C10: =VLOOKUP(B10,'FML March 2026'!E:F,2,false) -> ANDOUILLE SAUSAGE LINK (10532) | D10: =VLOOKUP(B10,'Unit of Measure ship March 2026'!A:C,3,false) -> LBS | F10: 15429 | G10: =VLOOKUP(F10,'FML March 2026'!E:F,2,false) -> BASIL (12 BUNCH) HYDROPONIC OR REGULAR 1 LB/CS | H10: =VLOOKUP(F10,'Unit of Measure ship March 2026'!A:C,3,false) -> LBS | J10: 14443 | K10: =VLOOKUP(J10,'FML March 2026'!E:F,2,false) -> PORK LOIN BACK RIBS 1-1/2# DOWN DOMESTIC NAMP 422 (USA) | L10: =VLOOKUP(J10,'Unit of Measure ship March 2026'!A:C,3,false) -> LBS
B11: 16304 | C11: =VLOOKUP(B11,'FML March 2026'!E:F,2,false) -> ANISE STAR BADIA | D11: =VLOOKUP(B11,'Unit of Measure ship March 2026'!A:C,3,false) -> UNIT/8OZ | F11: 15605 | G11: =VLOOKUP(F11,'FML March 2026'!E:F,2,false) -> BEANS FRESH EXTRA FINE GREEN (FRENCH) 1/5 (HARICOT VERT) | H11: =VLOOKUP(F11,'Unit of Measure ship March 2026'!A:C,3,false) -> LBS | J11: 10533 | K11: =VLOOKUP(J11,'FML March 2026'!E:F,2,false) -> PORK SHOULDER BUTT BONELESS | L11: =VLOOKUP(J11,'Unit of Measure ship March 2026'!A:C,3,false) -> LBS
B12: 109664 | C12: =VLOOKUP(B12,'FML March 2026'!E:F,2,false) -> APPLE CIDER VINEGAR SPARROW LANE V | D12: =VLOOKUP(B12,'Unit of Measure ship March 2026'!A:C,3,false) -> GAL | F12: 15449 | G12: =VLOOKUP(F12,'FML March 2026'!E:F,2,false) -> BEET ROOTS LARGE 1/25# | H12: =VLOOKUP(F12,'Unit of Measure ship March 2026'!A:C,3,false) -> LBS
B13: 16501 | C13: =VLOOKUP(B13,'FML March 2026'!E:F,2,false) -> APPLE SAUCE 6/10 CAN ATALANTA/PREMIUM/MONACO (USA) | D13: =VLOOKUP(B13,'Unit of Measure ship March 2026'!A:C,3,false) -> CN/6.5LB | F13: 15333 | G13: =VLOOKUP(F13,'FML March 2026'!E:F,2,false) -> BLACKBERRIES FRESH 12 1/2 PT 4.5# | H13: =VLOOKUP(F13,'Unit of Measure ship March 2026'!A:C,3,false) -> LBS
B14: 102498 | C14: =VLOOKUP(B14,'FML March 2026'!E:F,2,false) -> ASCORBIC ACID CUISINE TECH/ALBERT USTER PKG 1/KG | D14: =VLOOKUP(B14,'Unit of Measure ship March 2026'!A:C,3,false) -> LBS | F14: 15335 | G14: =VLOOKUP(F14,'FML March 2026'!E:F,2,false) -> BLUEBERRIES FRESH 12 1/2 PT 4.5# | H14: =VLOOKUP(F14,'Unit of Measure ship March 2026'!A:C,3,false) -> LBS
B15: 43803 | C15: =VLOOKUP(B15,'FML March 2026'!E:F,2,false) -> BABY CARROTS FROZEN STANDARD DUJARDIN (USA) | D15: =VLOOKUP(B15,'Unit of Measure ship March 2026'!A:C,3,false) -> LBS | F15: 38191 | G15: =VLOOKUP(F15,'FML March 2026'!E:F,2,false) -> BRUSSELS SPROUTS SMALL | H15: =VLOOKUP(F15,'Unit of Measure ship March 2026'!A:C,3,false) -> LBS
B16: 109686 | C16: =VLOOKUP(B16,'FML March 2026'!E:F,2,false) -> BACON, NUESKE 24 HOUR APPLEWOOD SMOKED BACON (NUESKI 2131) | D16: =VLOOKUP(B16,'Unit of Measure ship March 2026'!A:C,3,false) -> LBS | F16: 15454 | G16: =VLOOKUP(F16,'FML March 2026'!E:F,2,false) -> CABBAGE GREEN COMM MED/LG TRIMMED 50# | H16: =VLOOKUP(F16,'Unit of Measure ship March 2026'!A:C,3,false) -> LBS
B17: 15651 | C17: =VLOOKUP(B17,'FML March 2026'!E:F,2,false) -> BAKING POWDER 50 LB | D17: =VLOOKUP(B17,'Unit of Measure ship March 2026'!A:C,3,false) -> LBS | F17: 15456 | G17: =VLOOKUP(F17,'FML March 2026'!E:F,2,false) -> CABBAGE NAPA 12CT 30# | H17: =VLOOKUP(F17,'Unit of Measure ship March 2026'!A:C,3,false) -> LBS
B18: 15652 | C18: =VLOOKUP(B18,'FML March 2026'!E:F,2,false) -> BAKING SODA | D18: =VLOOKUP(B18,'Unit of Measure ship March 2026'!A:C,3,false) -> LBS | F18: 15458 | G18: =VLOOKUP(F18,'FML March 2026'!E:F,2,false) -> CARROTS CLIP TOP 50# | H18: =VLOOKUP(F18,'Unit of Measure ship March 2026'!A:C,3,false) -> LBS
B19: 12284 | C19: =VLOOKUP(B19,'FML March 2026'!E:F,2,false) -> BARBEQUE SAUCE, HICKORY | D19: =VLOOKUP(B19,'Unit of Measure ship March 2026'!A:C,3,false) -> GAL | F19: 15459 | G19: =VLOOKUP(F19,'FML March 2026'!E:F,2,false) -> CAULIFLOWER #1 CAL. 12 CT 25# | H19: =VLOOKUP(F19,'Unit of Measure ship March 2026'!A:C,3,false) -> LBS
B20: 16182 | C20: =VLOOKUP(B20,'FML March 2026'!E:F,2,false) -> BARLEY PEARLED | D20: =VLOOKUP(B20,'Unit of Measure ship March 2026'!A:C,3,false) -> LBS | F20: 110917 | G20: =VLOOKUP(F20,'FML March 2026'!E:F,2,false) -> CAULIFLOWER ORANGE 12CT (28LB) | H20: =VLOOKUP(F20,'Unit of Measure ship March 2026'!A:C,3,false) -> LBS
B21: 16250 | C21: =VLOOKUP(B21,'FML March 2026'!E:F,2,false) -> BAY LEAVES WHOLE D`ALLESANDRO/ SPICECO | D21: =VLOOKUP(B21,'Unit of Measure ship March 2026'!A:C,3,false) -> LBS | F21: 110078 | G21: =VLOOKUP(F21,'FML March 2026'!E:F,2,false) -> CAULIFLOWER PURPLR FRESH | H21: =VLOOKUP(F21,'Unit of Measure ship March 2026'!A:C,3,false) -> EA
B22: 109688 | C22: =VLOOKUP(B22,'FML March 2026'!E:F,2,false) -> BEE POLLEN FRONTIER HERB | D22: =VLOOKUP(B22,'Unit of Measure ship March 2026'!A:C,3,false) -> PEA1/OZ | F22: 15562 | G22: =VLOOKUP(F22,'FML March 2026'!E:F,2,false) -> CELERIAC (CELERY ROOT) 20# | H22: =VLOOKUP(F22,'Unit of Measure ship March 2026'!A:C,3,false) -> LBS
B23: 15158 | C23: =VLOOKUP(B23,'FML March 2026'!E:F,2,false) -> BLUEBERRIES, WHOLE, IQF, FRZN | D23: =VLOOKUP(B23,'Unit of Measure ship March 2026'!A:C,3,false) -> LBS | F23: 15460 | G23: =VLOOKUP(F23,'FML March 2026'!E:F,2,false) -> CELERY #1 CAL. 36CT 60# | H23: =VLOOKUP(F23,'Unit of Measure ship March 2026'!A:C,3,false) -> LBS
... B60: 16259 | C60: =VLOOKUP(B60,'FML March 2026'!E:F,2,false) -> FENNEL SEED WHOLE BADIA (USA ) | D60: =VLOOKUP(B60,'Unit of Measure ship March 2026'!A:C,3,false) -> LBS | F60: 31638 | G60: =VLOOKUP(F60,'FML March 2026'!E:F,2,false) -> MUSHROOMS, FRESH WHITE, 8 OZ CELLO PACK | H60: =VLOOKUP(F60,'Unit of Measure ship March 2026'!A:C,3,false) -> LBS
B61: 14990 | C61: =VLOOKUP(B61,'FML March 2026'!E:F,2,false) -> FETA, IN BRINE, TUB | D61: =VLOOKUP(B61,'Unit of Measure ship March 2026'!A:C,3,false) -> LBS | F61: 15624 | G61: =VLOOKUP(F61,'FML March 2026'!E:F,2,false) -> OKRA FRESH 10# | H61: LBS
B62: 15716 | C62: =VLOOKUP(B62,'FML March 2026'!E:F,2,false) -> FLAVOR VANILLA BOURBON ROYALE FOR ICE CREAM 1 GALLON PASTRY STAR (USA) | D62: =VLOOKUP(B62,'Unit of Measure ship March 2026'!A:C,3,false) -> GAL | F62: 46179 | G62: =VLOOKUP(F62,'FML March 2026'!E:F,2,false) -> ONION WHITE BIG FRESH | H62: =VLOOKUP(F62,'Unit of Measure ship March 2026'!A:C,3,false) -> LBS
B63: 109647 | C63: =VLOOKUP(B63,'FML March 2026'!E:F,2,false) -> FLAX MEAL BOBS RED MILL | D63: =VLOOKUP(B63,'Unit of Measure ship March 2026'!A:C,3,false) -> KG | F63: 15496 | G63: =VLOOKUP(F63,'FML March 2026'!E:F,2,false) -> ONIONS RED, MEDIUM 25# | H63: =VLOOKUP(F63,'Unit of Measure ship March 2026'!A:C,3,false) -> LBS
B64: 111865 | C64: =VLOOKUP(B64,'FML March 2026'!E:F,2,false) -> FLOUR ALL PURPOSE SIR GALAHAD BAG50/LBS KING ARTHUR | D64: =VLOOKUP(B64,'Unit of Measure ship March 2026'!A:C,3,false) -> LBS | F64: 111864 | G64: =VLOOKUP(F64,'FML March 2026'!E:F,2,false) -> ONIONS, PEARL ONIONS RED FRESH 1/12PT 4#/CS | H64: =VLOOKUP(F64,'Unit of Measure ship March 2026'!A:C,3,false) -> LBS
B65: 109641 | C65: =VLOOKUP(B65,'FML March 2026'!E:F,2,false) -> FLOUR CAKE KING ARTHUR | D65: =VLOOKUP(B65,'Unit of Measure ship March 2026'!A:C,3,false) -> KG | F65: 15497 | G65: =VLOOKUP(F65,'FML March 2026'!E:F,2,false) -> ONIONS, YELLOW, MEDIUM, SPANISH #1, 50# | H65: =VLOOKUP(F65,'Unit of Measure ship March 2026'!A:C,3,false) -> LBS
B66: 15741 | C66: =VLOOKUP(B66,'FML March 2026'!E:F,2,false) -> FLOUR SEMOLINA BAG 50/LBS DURAKOTA/BAY STATE (USA) | D66: =VLOOKUP(B66,'Unit of Measure ship March 2026'!A:C,3,false) -> LBS | F66: 15408 | G66: =VLOOKUP(F66,'FML March 2026'!E:F,2,false) -> ORANGES CAL. SUNKIST FANCY, VALENCIA NAVEL,88CT 40# | H66: =VLOOKUP(F66,'Unit of Measure ship March 2026'!A:C,3,false) -> LBS
B67: 109639 | C67: =VLOOKUP(B67,'FML March 2026'!E:F,2,false) -> FLOUR SIR LANCELOT HIGH GLUTEN 50 LB KING ARTHUR | D67: =VLOOKUP(B67,'Unit of Measure ship March 2026'!A:C,3,false) -> KG | F67: 15500 | G67: =VLOOKUP(F67,'FML March 2026'!E:F,2,false) -> PARSLEY ITALIAN, 20#/CS | H67: =VLOOKUP(F67,'Unit of Measure ship March 2026'!A:C,3,false) -> LBS
B68: 30050 | C68: =VLOOKUP(B68,'FML March 2026'!E:F,2,false) -> FLOUR, FARINA TIPO "00" ITALIAN FOR PASTA BARILLA/CAPUTO RF20 | D68: =VLOOKUP(B68,'Unit of Measure ship March 2026'!A:C,3,false) -> LBS | F68: 23714 | G68: =VLOOKUP(F68,'FML March 2026'!E:F,2,false) -> PARSNIP 20#/CS | H68: =VLOOKUP(F68,'Unit of Measure ship March 2026'!A:C,3,false) -> LBS
B69: 109714 | C69: =VLOOKUP(B69,'FML March 2026'!E:F,2,false) -> FOOD COLOR BLACK CHEF RUBBER | D69: =VLOOKUP(B69,'Unit of Measure ship March 2026'!A:C,3,false) -> CUP/125G | F69: 15504 | G69: =VLOOKUP(F69,'FML March 2026'!E:F,2,false) -> PEPPERS HOT, JALAPENOS 10# | H69: =VLOOKUP(F69,'Unit of Measure ship March 2026'!A:C,3,false) -> LBS
B70: 111794 | C70: =VLOOKUP(B70,'FML March 2026'!E:F,2,false) -> FRENCH FRIES SEASHORE STYLE SEASONED SKIN-ON CS 6/5 LB LAMB WESTON SS101 | D70: =VLOOKUP(B70,'Unit of Measure ship March 2026'!A:C,3,false) -> LBS | F70: 15502 | G70: =VLOOKUP(F70,'FML March 2026'!E:F,2,false) -> PEPPERS RED, MEDIUM, 88-100 MM | H70: =VLOOKUP(F70,'Unit of Measure ship March 2026'!A:C,3,false) -> LBS
B71: 111698 | C71: =VLOOKUP(B71,'FML March 2026'!E:F,2,false) -> FRIED SHALLOTS LA RUSTICHELLA | D71: =VLOOKUP(B71,'Unit of Measure ship March 2026'!A:C,3,false) -> LBS | F71: 15577 | G71: =VLOOKUP(F71,'FML March 2026'!E:F,2,false) -> PEPPERS YELLOW, MEDIUM, 88-100 MM | H71: =VLOOKUP(F71,'Unit of Measure ship March 2026'!A:C,3,false) -> LBS
B72: 111135 | C72: =VLOOKUP(B72,'FML March 2026'!E:F,2,false) -> GARLIC MINCED BADIA | D72: =VLOOKUP(B72,'Unit of Measure ship March 2026'!A:C,3,false) -> LBS | F72: 33604 | G72: =VLOOKUP(F72,'FML March 2026'!E:F,2,false) -> PEPPERS, POBLANO CHILI # | H72: =VLOOKUP(F72,'Unit of Measure ship March 2026'!A:C,3,false) -> LBS
B73: 16260 | C73: =VLOOKUP(B73,'FML March 2026'!E:F,2,false) -> GARLIC, POWDER, DRY, 12/16 OZ | D73: =VLOOKUP(B73,'Unit of Measure ship March 2026'!A:C,3,false) -> LBS | F73: 15316 | G73: =VLOOKUP(F73,'FML March 2026'!E:F,2,false) -> POMEGRANATE 20-35 CT. 22# | H73: =VLOOKUP(F73,'Unit of Measure ship March 2026'!A:C,3,false) -> LBS
... B99: 14869 | C99: =VLOOKUP(B99,'FML March 2026'!E:F,2,false) -> MILK, UHT, WHOLE, 3.5% FAT, DRY, 12/1 LT | D99: =VLOOKUP(B99,'Unit of Measure ship March 2026'!A:C,3,false) -> LT | F99: 15542 | G99: =VLOOKUP(F99,'FML March 2026'!E:F,2,false) -> ZUCCHINI MEDIUM #1 FANCY 20#/CS, 180-210 MM | H99: =VLOOKUP(F99,'Unit of Measure ship March 2026'!A:C,3,false) -> LBS
B100: 110018 | C100: =VLOOKUP(B100,'FML March 2026'!E:F,2,false) -> MISO PASTE CHIC PEA CS6/16OZ MISO MASTER | D100: =VLOOKUP(B100,'Unit of Measure ship March 2026'!A:C,3,false) -> CS6/16OZ
B101: 16418 | C101: =VLOOKUP(B101,'FML March 2026'!E:F,2,false) -> MUSHROOM PORCINI/ BOLETUS DRY 1 LB MARKYS/URBANI/ROLAND (USA) | D101: =VLOOKUP(B101,'Unit of Measure ship March 2026'!A:C,3,false) -> LBS
B102: 16426 | C102: =VLOOKUP(B102,'FML March 2026'!E:F,2,false) -> MUSTARD TUB GREY POUPON - DIJON MUSTARD PLAIN (FRANCE) | D102: =VLOOKUP(B102,'Unit of Measure ship March 2026'!A:C,3,false) -> JAR/48OZ
B103: 16258 | C103: =VLOOKUP(B103,'FML March 2026'!E:F,2,false) -> MUSTARD POWDER ENGLISH 12/16 OZ COLEMAN | D103: =VLOOKUP(B103,'Unit of Measure ship March 2026'!A:C,3,false) -> LBS
B104: 16320 | C104: =VLOOKUP(B104,'FML March 2026'!E:F,2,false) -> MUSTARD SEED 24 OZ D`ALLESANDRO/ SPICECO | D104: =VLOOKUP(B104,'Unit of Measure ship March 2026'!A:C,3,false) -> LBS
B105: 16350 | C105: =VLOOKUP(B105,'FML March 2026'!E:F,2,false) -> MUSTARD YELLOW, PREPARED, GAL FRENCH`S | D105: =VLOOKUP(B105,'Unit of Measure ship March 2026'!A:C,3,false) -> GAL
B106: 16534 | C106: =VLOOKUP(B106,'FML March 2026'!E:F,2,false) -> MUSTARD, GRAINED, JAR | D106: =VLOOKUP(B106,'Unit of Measure ship March 2026'!A:C,3,false) -> JAR7/OZ
B107: 16266 | C107: =VLOOKUP(B107,'FML March 2026'!E:F,2,false) -> NUTMEG GROUND D`ALLESANDRO/ SPICECO (USA) | D107: =VLOOKUP(B107,'Unit of Measure ship March 2026'!A:C,3,false) -> UNIT/1LB
B108: 109227 | C108: =VLOOKUP(B108,'FML March 2026'!E:F,2,false) -> NUTRITIONAL YEAST FLAKES VEGAN C6/5OZ BOBS RED ,MILL (USA) | D108: =VLOOKUP(B108,'Unit of Measure ship March 2026'!A:C,3,false) -> CS6/5OZ
B109: 110639 | C109: =VLOOKUP(B109,'FML March 2026'!E:F,2,false) -> OATS, ROLLED, WHOLE GRAIN, OLD FASHIONED, DRY, 1/50 LB | D109: =VLOOKUP(B109,'Unit of Measure ship March 2026'!A:C,3,false) -> LBS
B110: 111948 | C110: =VLOOKUP(B110,'FML March 2026'!E:F,2,false) -> OIL CHILI SESAME RAYU/ LA YU | D110: =VLOOKUP(B110,'Unit of Measure ship March 2026'!A:C,3,false) -> B32.2/OZ
B111: 142741 | C111: =VLOOKUP(B111,'FML March 2026'!E:F,2,false) -> OIL OLIVE EXTRA VIRGIN ESPLENDIDO DOURO 500 ML - PORTUGAL | D111: =VLOOKUP(B111,'Unit of Measure ship March 2026'!A:C,3,false) -> BT/500ML
... B196: 109846 | C196: =VLOOKUP(B196,'FML March 2026'!E:F,2,false) -> YOGURT GREEK BULK | D196: =VLOOKUP(B196,'Unit of Measure ship March 2026'!A:C,3,false) -> LBS

Sheet 15 Razzle Dazzle Rojo - BRL
B1: 15 - Razzle Dazzle - Menu Basic Preperation 01/15/01 | F1: 15 - Razzle Dazzle - Vegetables & Fruit 03/15/06 | J1: 15 - Razzle Dazzle - Meat 05/15/03 | N1: 15 - Razzle Dazzle - Fish & Seafood 05/15/04
B2: Code | C2: Ingredient Name | D2: UM | F2: Code | G2: Ingredient Name | H2: UM | J2: Code | K2: Ingredient Name | L2: UM | N2: Code | O2: Ingredient Name | P2: UM
B3: 111083 | C3: =VLOOKUP(B3,'FML March 2026'!E:F,2,false) -> ALEPPO PEPPER PKG 1/LB LA BOITE | D3: =VLOOKUP(B3,'Unit of Measure ship March 2026'!A:C,3,false) -> LBS | F3: 53697 | G3: =VLOOKUP(F3,'FML March 2026'!E:F,2,false) -> ARTICHOKE, JERUSALEM, FRESH | H3: =VLOOKUP(F3,'Unit of Measure ship March 2026'!A:C,3,false) -> LBS | J3: 34727 | K3: =VLOOKUP(J3,'FML March 2026'!E:F,2,false) -> BEEF EXPORT RIBS, CAB CHOICE 18/DOWN 4/PC, 30D AGE,BLST/FRZN (USA) NAMP-109E | L3: =VLOOKUP(J3,'Unit of Measure ship March 2026'!A:C,3,false) -> LBS | N3: 10251 | O3: =VLOOKUP(N3,'FML March 2026'!E:F,2,false) -> ARCTIC CHAR WHOLE | P3: LBS
B4: 110031 | C4: =VLOOKUP(B4,'FML March 2026'!E:F,2,false) -> ALMONDS MARCONA CS/11LBS SAVOR IMPORTS | D4: =VLOOKUP(B4,'Unit of Measure ship March 2026'!A:C,3,false) -> LBS | F4: 24182 | G4: =VLOOKUP(F4,'FML March 2026'!E:F,2,false) -> ARUGULA, BABY | H4: =VLOOKUP(F4,'Unit of Measure ship March 2026'!A:C,3,false) -> LBS | J4: 14389 | K4: =VLOOKUP(J4,'FML March 2026'!E:F,2,false) -> BEEF OXTAIL STEER W/LINER U.S.D.A. NAMP -1791 | L4: =VLOOKUP(J4,'Unit of Measure ship March 2026'!A:C,3,false) -> LBS | N4: 53699 | O4: =VLOOKUP(N4,'FML March 2026'!E:F,2,false) -> OCTOPUS, FROZEN 4-6/LB FROZEN 30 LB CS POLAR | P4: LBS
B5: 40136 | C5: =VLOOKUP(B5,'FML March 2026'!E:F,2,false) -> ALMONDS SLIVERED BLANCHED 5 LBS | D5: =VLOOKUP(B5,'Unit of Measure ship March 2026'!A:C,3,false) -> LBS | F5: 15378 | G5: =VLOOKUP(F5,'FML March 2026'!E:F,2,false) -> AVOCADOS HASS FRESH CA-48PC FL-12/14PC 20# | H5: =VLOOKUP(F5,'Unit of Measure ship March 2026'!A:C,3,false) -> LBS | J5: 14581 | K5: =VLOOKUP(J5,'FML March 2026'!E:F,2,false) -> CHICKEN LEG QUARTERS FROZEN PACKER (USA) | L5: =VLOOKUP(J5,'Unit of Measure ship March 2026'!A:C,3,false) -> LBS | N5: 53625 | O5: =VLOOKUP(N5,'FML March 2026'!E:F,2,false) -> SALMON FILLET, ATLANTIC, PREMIUM, FROZEN, 3 - 4 LB D-TRIM INDV. CRYOVAC (CHILE) | P5: LBS
B6: 16011 | C6: =VLOOKUP(B6,'FML March 2026'!E:F,2,false) -> ANCHOVY FILLETS IN OLIVE OIL | D6: =VLOOKUP(B6,'Unit of Measure ship March 2026'!A:C,3,false) -> CAN/28OZ | F6: 15449 | G6: =VLOOKUP(F6,'FML March 2026'!E:F,2,false) -> BEET ROOTS LARGE 1/25# | H6: =VLOOKUP(F6,'Unit of Measure ship March 2026'!A:C,3,false) -> LBS | J6: 11695 | K6: =VLOOKUP(J6,'FML March 2026'!E:F,2,false) -> CHICKEN LEG/THIGH BONELESS & SKINLESS FROZEN | L6: =VLOOKUP(J6,'Unit of Measure ship March 2026'!A:C,3,false) -> LBS | N6: 42269 | O6: =VLOOKUP(N6,'FML March 2026'!E:F,2,false) -> SHRIMP 16/20 RAW P&D TAIL-ON CS10/LB SURAM ROYAL WHITE (VIETNAM) | P6: =VLOOKUP(N6,'Unit of Measure ship March 2026'!A:C,3,false) -> LBS
B7: 109664 | C7: =VLOOKUP(B7,'FML March 2026'!E:F,2,false) -> APPLE CIDER VINEGAR SPARROW LANE V | D7: =VLOOKUP(B7,'Unit of Measure ship March 2026'!A:C,3,false) -> GAL | F7: 15449 | G7: =VLOOKUP(F7,'FML March 2026'!E:F,2,false) -> BEET ROOTS LARGE 1/25# | H7: =VLOOKUP(F7,'Unit of Measure ship March 2026'!A:C,3,false) -> LBS | J7: 14502 | K7: =VLOOKUP(J7,'FML March 2026'!E:F,2,false) -> CHICKEN NECKS/BACKS 50# SKIN-ON (PLASTIC WRAPPED) (USA) | L7: =VLOOKUP(J7,'Unit of Measure ship March 2026'!A:C,3,false) -> LBS
B8: 111121 | C8: =VLOOKUP(B8,'FML March 2026'!E:F,2,false) -> ARTICHOKE "ROMANA STYLE" CS2/3 KG | D8: =VLOOKUP(B8,'Unit of Measure ship March 2026'!A:C,3,false) -> LBS | F8: 15333 | G8: =VLOOKUP(F8,'FML March 2026'!E:F,2,false) -> BLACKBERRIES FRESH 12 1/2 PT 4.5# | H8: =VLOOKUP(F8,'Unit of Measure ship March 2026'!A:C,3,false) -> LBS | J8: 14576 | K8: =VLOOKUP(J8,'FML March 2026'!E:F,2,false) -> CHICKEN, FRYER, WOG, IND WRAPPED, NON-INJECTED, 2.50-3.25 LB EA, FZN, 12/1 EA | L8: =VLOOKUP(J8,'Unit of Measure ship March 2026'!A:C,3,false) -> LBS
B9: 109686 | C9: =VLOOKUP(B9,'FML March 2026'!E:F,2,false) -> BACON, NUESKE 24 HOUR APPLEWOOD SMOKED BACON (NUESKI 2131) | D9: =VLOOKUP(B9,'Unit of Measure ship March 2026'!A:C,3,false) -> LBS | F9: 15335 | G9: =VLOOKUP(F9,'FML March 2026'!E:F,2,false) -> BLUEBERRIES FRESH 12 1/2 PT 4.5# | H9: =VLOOKUP(F9,'Unit of Measure ship March 2026'!A:C,3,false) -> LBS | J9: 14443 | K9: =VLOOKUP(J9,'FML March 2026'!E:F,2,false) -> PORK LOIN BACK RIBS 1-1/2# DOWN DOMESTIC NAMP 422 (USA) | L9: =VLOOKUP(J9,'Unit of Measure ship March 2026'!A:C,3,false) -> LBS
B10: 16250 | C10: =VLOOKUP(B10,'FML March 2026'!E:F,2,false) -> BAY LEAVES WHOLE D`ALLESANDRO/ SPICECO | D10: =VLOOKUP(B10,'Unit of Measure ship March 2026'!A:C,3,false) -> LBS | F10: 38191 | G10: =VLOOKUP(F10,'FML March 2026'!E:F,2,false) -> BRUSSELS SPROUTS SMALL | H10: =VLOOKUP(F10,'Unit of Measure ship March 2026'!A:C,3,false) -> LBS
B11: 109688 | C11: =VLOOKUP(B11,'FML March 2026'!E:F,2,false) -> BEE POLLEN FRONTIER HERB | D11: =VLOOKUP(B11,'Unit of Measure ship March 2026'!A:C,3,false) -> PEA1/OZ | F11: 15458 | G11: =VLOOKUP(F11,'FML March 2026'!E:F,2,false) -> CARROTS CLIP TOP 50# | H11: =VLOOKUP(F11,'Unit of Measure ship March 2026'!A:C,3,false) -> LBS
B12: 145610 | C12: =VLOOKUP(B12,'FML March 2026'!E:F,2,false) -> BERNAL MANZANILLA OLIVES (WITH PIT) | D12: GAL | F12: 15459 | G12: =VLOOKUP(F12,'FML March 2026'!E:F,2,false) -> CAULIFLOWER #1 CAL. 12 CT 25# | H12: =VLOOKUP(F12,'Unit of Measure ship March 2026'!A:C,3,false) -> LBS
B13: 20884 | C13: =VLOOKUP(B13,'FML March 2026'!E:F,2,false) -> BREAD CRUMBS PANKO 25 LB KIKKOMAN #05010 (USA) | D13: =VLOOKUP(B13,'Unit of Measure ship March 2026'!A:C,3,false) -> LBS | F13: 15459 | G13: =VLOOKUP(F13,'FML March 2026'!E:F,2,false) -> CAULIFLOWER #1 CAL. 12 CT 25# | H13: =VLOOKUP(F13,'Unit of Measure ship March 2026'!A:C,3,false) -> LBS
B14: 15016 | C14: =VLOOKUP(B14,'FML March 2026'!E:F,2,false) -> BUTTER, UNSALTED, 82% FAT, FZN, 50/200 G | D14: =VLOOKUP(B14,'Unit of Measure ship March 2026'!A:C,3,false) -> LBS | F14: 110917 | G14: =VLOOKUP(F14,'FML March 2026'!E:F,2,false) -> CAULIFLOWER ORANGE 12CT (28LB) | H14: =VLOOKUP(F14,'Unit of Measure ship March 2026'!A:C,3,false) -> LBS
B15: 14893 | C15: =VLOOKUP(B15,'FML March 2026'!E:F,2,false) -> BUTTERMILK LOCAL 10 DAYS CS9/HGAL | D15: =VLOOKUP(B15,'Unit of Measure ship March 2026'!A:C,3,false) -> QRT | F15: 110078 | G15: =VLOOKUP(F15,'FML March 2026'!E:F,2,false) -> CAULIFLOWER PURPLR FRESH | H15: =VLOOKUP(F15,'Unit of Measure ship March 2026'!A:C,3,false) -> EA
B16: 15038 | C16: =VLOOKUP(B16,'FML March 2026'!E:F,2,false) -> CABRALES CHEESE | D16: LBS | F16: 15562 | G16: =VLOOKUP(F16,'FML March 2026'!E:F,2,false) -> CELERIAC (CELERY ROOT) 20# | H16: =VLOOKUP(F16,'Unit of Measure ship March 2026'!A:C,3,false) -> LBS
B17: 16015 | C17: =VLOOKUP(B17,'FML March 2026'!E:F,2,false) -> CAPERS, NON-PAREIL, IN VINEGAR, DRY, 6X850GR | D17: =VLOOKUP(B17,'Unit of Measure ship March 2026'!A:C,3,false) -> CAN/32OZ | F17: 15460 | G17: =VLOOKUP(F17,'FML March 2026'!E:F,2,false) -> CELERY #1 CAL. 36CT 60# | H17: =VLOOKUP(F17,'Unit of Measure ship March 2026'!A:C,3,false) -> LBS
B18: 15816 | C18: =VLOOKUP(B18,'FML March 2026'!E:F,2,false) -> CARAWAY SEEDS WHOLE 16 OZ D BADIA | D18: =VLOOKUP(B18,'Unit of Measure ship March 2026'!A:C,3,false) -> LBS | F18: 109760 | G18: =VLOOKUP(F18,'FML March 2026'!E:F,2,false) -> CELERY MICRO HARPKE FAMILY FARM - PK/5 OZ PACKED IN 60 OZ CLAM SHELL | H18: =VLOOKUP(F18,'Unit of Measure ship March 2026'!A:C,3,false) -> PK/5OZ
B19: 16309 | C19: =VLOOKUP(B19,'FML March 2026'!E:F,2,false) -> CARDAMOM GROUND | D19: =VLOOKUP(B19,'Unit of Measure ship March 2026'!A:C,3,false) -> LBS | F19: 15543 | G19: =VLOOKUP(F19,'FML March 2026'!E:F,2,false) -> CHERVIL, FRESH, 12BU 1 LB/CS | H19: =VLOOKUP(F19,'Unit of Measure ship March 2026'!A:C,3,false) -> LBS
B20: 35186 | C20: =VLOOKUP(B20,'FML March 2026'!E:F,2,false) -> CELERY SALT 32 OZ D`ALLESANDRO/ SPICE CO | D20: =VLOOKUP(B20,'Unit of Measure ship March 2026'!A:C,3,false) -> JAR/32OZ | F20: 109753 | G20: =VLOOKUP(F20,'FML March 2026'!E:F,2,false) -> CHILI FRESNO FRESH | H20: =VLOOKUP(F20,'Unit of Measure ship March 2026'!A:C,3,false) -> LBS
B21: 27418 | C21: =VLOOKUP(B21,'FML March 2026'!E:F,2,false) -> CHEESE, PARMIGIANO REGGIANO, DOP, QUARTERS, 18-20 LB EA, CHL, 2/1 EA | D21: =VLOOKUP(B21,'Unit of Measure ship March 2026'!A:C,3,false) -> LBS | F21: 15438 | G21: =VLOOKUP(F21,'FML March 2026'!E:F,2,false) -> CHIVES (12 BUNCH), 1 LB/CS | H21: =VLOOKUP(F21,'Unit of Measure ship March 2026'!A:C,3,false) -> LBS
B22: 15203 | C22: =VLOOKUP(B22,'FML March 2026'!E:F,2,false) -> CHERRIES, DARK SWEET PITTED, WHOLE, IQF, FRZN | D22: =VLOOKUP(B22,'Unit of Measure ship March 2026'!A:C,3,false) -> LBS | F22: 15431 | G22: =VLOOKUP(F22,'FML March 2026'!E:F,2,false) -> CILANTRO (12 BUNCH) 1 LB/CS DOMESTIC | H22: =VLOOKUP(F22,'Unit of Measure ship March 2026'!A:C,3,false) -> LBS
B23: 16308 | C23: =VLOOKUP(B23,'FML March 2026'!E:F,2,false) -> CHILI PEPPER RED CRUSHED D`ALLESANDRO/ SPICECO | D23: =VLOOKUP(B23,'Unit of Measure ship March 2026'!A:C,3,false) -> LBS | F23: 111175 | G23: =VLOOKUP(F23,'FML March 2026'!E:F,2,false) -> CILANTRO MICRO FRESH HARPKE FAMILY FARM PK/5 OZ PACKED IN 60 OZ SIZE CLAM SHELL | H23: =VLOOKUP(F23,'Unit of Measure ship March 2026'!A:C,3,false) -> EA
B24: 16252 | C24: =VLOOKUP(B24,'FML March 2026'!E:F,2,false) -> CHILI POWDER 16 OZ D`ALLESANDRO/ SPICECO | D24: =VLOOKUP(B24,'Unit of Measure ship March 2026'!A:C,3,false) -> LBS | F24: 15462 | G24: =VLOOKUP(F24,'FML March 2026'!E:F,2,false) -> CUCUMBERS SEEDLESS LARGE, PLASTIC WRAPPED 13# | H24: =VLOOKUP(F24,'Unit of Measure ship March 2026'!A:C,3,false) -> LBS
B25: 16882 | C25: =VLOOKUP(B25,'FML March 2026'!E:F,2,false) -> CHIPS POTATO CHIPS BULK | D25: =VLOOKUP(B25,'Unit of Measure ship March 2026'!A:C,3,false) -> LBS | F25: 15433 | G25: =VLOOKUP(F25,'FML March 2026'!E:F,2,false) -> DILL | H25: =VLOOKUP(F25,'Unit of Measure ship March 2026'!A:C,3,false) -> LBS
B26: 16288 | C26: =VLOOKUP(B26,'FML March 2026'!E:F,2,false) -> CORIANDER WHOLE BADIA (USA ) | D26: =VLOOKUP(B26,'Unit of Measure ship March 2026'!A:C,3,false) -> LBS | F26: 15547 | G26: =VLOOKUP(F26,'FML March 2026'!E:F,2,false) -> FENNEL FRESH CAL. 40# | H26: =VLOOKUP(F26,'Unit of Measure ship March 2026'!A:C,3,false) -> LBS
B27: 109633 | C27: =VLOOKUP(B27,'FML March 2026'!E:F,2,false) -> CORN FLOUR 50 LB | D27: =VLOOKUP(B27,'Unit of Measure ship March 2026'!A:C,3,false) -> KG | F27: 30639 | G27: =VLOOKUP(F27,'FML March 2026'!E:F,2,false) -> GARLIC PEELED | H27: =VLOOKUP(F27,'Unit of Measure ship March 2026'!A:C,3,false) -> LBS
B28: 11882 | C28: =VLOOKUP(B28,'FML March 2026'!E:F,2,false) -> CREME FRAICHE | D28: =VLOOKUP(B28,'Unit of Measure ship March 2026'!A:C,3,false) -> QRT | F28: 38392 | G28: =VLOOKUP(F28,'FML March 2026'!E:F,2,false) -> GINGER FRESH | H28: =VLOOKUP(F28,'Unit of Measure ship March 2026'!A:C,3,false) -> LBS
... B46: 109680 | C46: =VLOOKUP(B46,'FML March 2026'!E:F,2,false) -> HOT SAUCE CHOLULAS | D46: =VLOOKUP(B46,'Unit of Measure ship March 2026'!A:C,3,false) -> BTL/6OZ | F46: 15500 | G46: =VLOOKUP(F46,'FML March 2026'!E:F,2,false) -> PARSLEY ITALIAN, 20#/CS | H46: =VLOOKUP(F46,'Unit of Measure ship March 2026'!A:C,3,false) -> LBS
B47: 79483 | C47: =VLOOKUP(B47,'FML March 2026'!E:F,2,false) -> IDIAZABAL CHEESE | D47: LBS | F47: 23714 | G47: =VLOOKUP(F47,'FML March 2026'!E:F,2,false) -> PARSNIP 20#/CS | H47: =VLOOKUP(F47,'Unit of Measure ship March 2026'!A:C,3,false) -> LBS
B48: 79486 | C48: =VLOOKUP(B48,'FML March 2026'!E:F,2,false) -> JAMON IBERICO DE BELLOTA | D48: LBS | F48: 15502 | G48: =VLOOKUP(F48,'FML March 2026'!E:F,2,false) -> PEPPERS RED, MEDIUM, 88-100 MM | H48: =VLOOKUP(F48,'Unit of Measure ship March 2026'!A:C,3,false) -> LBS
B49: 111018 | C49: =VLOOKUP(B49,'FML March 2026'!E:F,2,false) -> LAVENDER DRY CS6/4 OZ | D49: OZ | F49: 15577 | G49: =VLOOKUP(F49,'FML March 2026'!E:F,2,false) -> PEPPERS YELLOW, MEDIUM, 88-100 MM | H49: =VLOOKUP(F49,'Unit of Measure ship March 2026'!A:C,3,false) -> LBS
B50: 111990 | C50: =VLOOKUP(B50,'FML March 2026'!E:F,2,false) -> LOBSTER BROTH SAVORY CHOICE CS4.5/LITER FLAVOR | D50: =VLOOKUP(B50,'Unit of Measure ship March 2026'!A:C,3,false) -> LBS | F50: 33604 | G50: =VLOOKUP(F50,'FML March 2026'!E:F,2,false) -> PEPPERS, POBLANO CHILI # | H50: =VLOOKUP(F50,'Unit of Measure ship March 2026'!A:C,3,false) -> LBS
B51: 28302 | C51: =VLOOKUP(B51,'FML March 2026'!E:F,2,false) -> MAHON CHEESE 3 MONTH SOFT | D51: LBS | F51: 109751 | G51: =VLOOKUP(F51,'FML March 2026'!E:F,2,false) -> POTATO RUSSET 110 CT | H51: =VLOOKUP(F51,'Unit of Measure ship March 2026'!A:C,3,false) -> LBS
B52: 109624 | C52: =VLOOKUP(B52,'FML March 2026'!E:F,2,false) -> MALT POWDER NON-DIASTATIC CS/50LB MODERNIST PANTRY | D52: =VLOOKUP(B52,'Unit of Measure ship March 2026'!A:C,3,false) -> KG | F52: 15516 | G52: =VLOOKUP(F52,'FML March 2026'!E:F,2,false) -> POTATOES, SWEET, JUMBO, 40# BAG | H52: =VLOOKUP(F52,'Unit of Measure ship March 2026'!A:C,3,false) -> LBS
B53: 15057 | C53: =VLOOKUP(B53,'FML March 2026'!E:F,2,false) -> MANCHEGO, MEDIUM (MESETA) | D53: =VLOOKUP(B53,'Unit of Measure ship March 2026'!A:C,3,false) -> LBS | F53: 15334 | G53: =VLOOKUP(F53,'FML March 2026'!E:F,2,false) -> RASPBERRIES FRESH 12 1/2 PT PINK 4.5# | H53: =VLOOKUP(F53,'Unit of Measure ship March 2026'!A:C,3,false) -> LBS
B54: 109668 | C54: =VLOOKUP(B54,'FML March 2026'!E:F,2,false) -> MAYONNAISE VEGAN FOLLOW YOUR HEART | D54: =VLOOKUP(B54,'Unit of Measure ship March 2026'!A:C,3,false) -> GAL | F54: 15427 | G54: =VLOOKUP(F54,'FML March 2026'!E:F,2,false) -> ROSEMARY (12 BUNCH) 1 LB/CS | H54: =VLOOKUP(F54,'Unit of Measure ship March 2026'!A:C,3,false) -> LBS
B55: 109667 | C55: =VLOOKUP(B55,'FML March 2026'!E:F,2,false) -> MAYONNAISE, UNILEVER - HELLMANN'S, 4800126530, DRY, 4/1 GAL | D55: =VLOOKUP(B55,'Unit of Measure ship March 2026'!A:C,3,false) -> GAL | F55: 15444 | G55: =VLOOKUP(F55,'FML March 2026'!E:F,2,false) -> SAGE FRESH | H55: =VLOOKUP(F55,'Unit of Measure ship March 2026'!A:C,3,false) -> LBS
B56: 14869 | C56: =VLOOKUP(B56,'FML March 2026'!E:F,2,false) -> MILK, UHT, WHOLE, 3.5% FAT, DRY, 12/1 LT | D56: =VLOOKUP(B56,'Unit of Measure ship March 2026'!A:C,3,false) -> LT | F56: 24185 | G56: =VLOOKUP(F56,'FML March 2026'!E:F,2,false) -> SCALLIONS FRESH - ICELESS | H56: =VLOOKUP(F56,'Unit of Measure ship March 2026'!A:C,3,false) -> LBS
B57: 16426 | C57: =VLOOKUP(B57,'FML March 2026'!E:F,2,false) -> MUSTARD TUB GREY POUPON - DIJON MUSTARD PLAIN (FRANCE) | D57: =VLOOKUP(B57,'Unit of Measure ship March 2026'!A:C,3,false) -> JAR/48OZ | F57: 15522 | G57: =VLOOKUP(F57,'FML March 2026'!E:F,2,false) -> SHALLOTS CLOVES #1 FRESH 5# | H57: =VLOOKUP(F57,'Unit of Measure ship March 2026'!A:C,3,false) -> LBS
B58: 16320 | C58: =VLOOKUP(B58,'FML March 2026'!E:F,2,false) -> MUSTARD SEED 24 OZ D`ALLESANDRO/ SPICECO | D58: =VLOOKUP(B58,'Unit of Measure ship March 2026'!A:C,3,false) -> LBS | F58: 15528 | G58: =VLOOKUP(F58,'FML March 2026'!E:F,2,false) -> SQUASH BUTTERNUT 40# | H58: =VLOOKUP(F58,'Unit of Measure ship March 2026'!A:C,3,false) -> LBS
B59: 16534 | C59: =VLOOKUP(B59,'FML March 2026'!E:F,2,false) -> MUSTARD, GRAINED, JAR | D59: =VLOOKUP(B59,'Unit of Measure ship March 2026'!A:C,3,false) -> JAR7/OZ | F59: 15442 | G59: =VLOOKUP(F59,'FML March 2026'!E:F,2,false) -> TARRAGON (12 BUNCH), 1 LB/CS | H59: =VLOOKUP(F59,'Unit of Measure ship March 2026'!A:C,3,false) -> LBS
B60: 111948 | C60: =VLOOKUP(B60,'FML March 2026'!E:F,2,false) -> OIL CHILI SESAME RAYU/ LA YU | D60: =VLOOKUP(B60,'Unit of Measure ship March 2026'!A:C,3,false) -> B32.2/OZ | F60: 15446 | G60: =VLOOKUP(F60,'FML March 2026'!E:F,2,false) -> THYME FRESH | H60: =VLOOKUP(F60,'Unit of Measure ship March 2026'!A:C,3,false) -> LBS
B61: 142741 | C61: =VLOOKUP(B61,'FML March 2026'!E:F,2,false) -> OIL OLIVE EXTRA VIRGIN ESPLENDIDO DOURO 500 ML - PORTUGAL | D61: =VLOOKUP(B61,'Unit of Measure ship March 2026'!A:C,3,false) -> BT/500ML | F61: 15537 | G61: =VLOOKUP(F61,'FML March 2026'!E:F,2,false) -> TOMATOES 6X6 #1 18# RED RIPE, FIRM (LAYERED), 55-65 MM | H61: =VLOOKUP(F61,'Unit of Measure ship March 2026'!A:C,3,false) -> LBS
B62: 52602 | C62: =VLOOKUP(B62,'FML March 2026'!E:F,2,false) -> OIL, 100% OLIVE, EXTRA VIRGIN, DRY, 4/5 LT | D62: =VLOOKUP(B62,'Unit of Measure ship March 2026'!A:C,3,false) -> LT | F62: 15425 | G62: =VLOOKUP(F62,'FML March 2026'!E:F,2,false) -> WATERMELONS SEEDLESS 4CT/6C 32# | H62: =VLOOKUP(F62,'Unit of Measure ship March 2026'!A:C,3,false) -> LBS
B63: 16377 | C63: =VLOOKUP(B63,'FML March 2026'!E:F,2,false) -> OIL, 100% VEGETABLE SOYBEAN, DRY, 4/5 LT | D63: =VLOOKUP(B63,'Unit of Measure ship March 2026'!A:C,3,false) -> C4/5LT
B64: 10265 | C64: =VLOOKUP(B64,'FML March 2026'!E:F,2,false) -> OIL, FRYING, 100% SOYBEAN, TRANS FAT FREE, FLASHPOINT >600F, DRY, 4/5 LT | D64: =VLOOKUP(B64,'Unit of Measure ship March 2026'!A:C,3,false) -> CS4/5LT
B65: 52603 | C65: =VLOOKUP(B65,'FML March 2026'!E:F,2,false) -> OLIVE/CANOLA BLEND OIL | D65: =VLOOKUP(B65,'Unit of Measure ship March 2026'!A:C,3,false) -> LT
B66: 142069 | C66: =VLOOKUP(B66,'FML March 2026'!E:F,2,false) -> ONION MINCED BADIA | D66: =VLOOKUP(B66,'Unit of Measure ship March 2026'!A:C,3,false) -> LBS
B67: 16269 | C67: =VLOOKUP(B67,'FML March 2026'!E:F,2,false) -> PAPRIKA SPANISH MUNOZ Y PUJANTE/ D`ALLESANDRO/ SPICECO | D67: =VLOOKUP(B67,'Unit of Measure ship March 2026'!A:C,3,false) -> LBS
B68: 51211 | C68: =VLOOKUP(B68,'FML March 2026'!E:F,2,false) -> PASTE VANILLA FLAVOR 35 OZ PASTRY STAR #00057 | D68: =VLOOKUP(B68,'Unit of Measure ship March 2026'!A:C,3,false) -> BTL/35OZ
B69: 108553 | C69: =VLOOKUP(B69,'FML March 2026'!E:F,2,false) -> PEPPER ARBOL D'ALLESANDRO CS/5LB | D69: =VLOOKUP(B69,'Unit of Measure ship March 2026'!A:C,3,false) -> KG
B70: 16302 | C70: =VLOOKUP(B70,'FML March 2026'!E:F,2,false) -> PEPPER CAYENNE GROUND BADIA (USA ) | D70: =VLOOKUP(B70,'Unit of Measure ship March 2026'!A:C,3,false) -> LBS
B71: 16285 | C71: =VLOOKUP(B71,'FML March 2026'!E:F,2,false) -> PEPPERCORN, BLACK, WHOLE, DRY, 6/420 G | D71: =VLOOKUP(B71,'Unit of Measure ship March 2026'!A:C,3,false) -> LBS
B72: 16392 | C72: =VLOOKUP(B72,'FML March 2026'!E:F,2,false) -> PEPPERS RED ROASTED 6X#10 | D72: =VLOOKUP(B72,'Unit of Measure ship March 2026'!A:C,3,false) -> TIN/3KG
B73: 109709 | C73: =VLOOKUP(B73,'FML March 2026'!E:F,2,false) -> PIERRE POIVRE PEPPER (LA BOITE A EPICE BRAND) | D73: =VLOOKUP(B73,'Unit of Measure ship March 2026'!A:C,3,false) -> UNT/16OZ
B74: 40502 | C74: =VLOOKUP(B74,'FML March 2026'!E:F,2,false) -> PIMENTON DULCE DE LA VERA | D74: OZ
B75: 53666 | C75: =VLOOKUP(B75,'FML March 2026'!E:F,2,false) -> PIQUILLO PIMIENTOS WHOLE ROASTED & PEELED 6/#10 | D75: =VLOOKUP(B75,'Unit of Measure ship March 2026'!A:C,3,false) -> CAN/3KG
B76: 15894 | C76: =VLOOKUP(B76,'FML March 2026'!E:F,2,false) -> PISTACHIO NUTS WHOLE SHELLED RAW NUTLAND | D76: =VLOOKUP(B76,'Unit of Measure ship March 2026'!A:C,3,false) -> LBS
B77: 110935 | C77: =VLOOKUP(B77,'FML March 2026'!E:F,2,false) -> PORCINI POWDER | D77: =VLOOKUP(B77,'Unit of Measure ship March 2026'!A:C,3,false) -> LBS
B78: 110075 | C78: =VLOOKUP(B78,'FML March 2026'!E:F,2,false) -> POTATO PEE WEE MULTI COLORED MARBLE | D78: =VLOOKUP(B78,'Unit of Measure ship March 2026'!A:C,3,false) -> LBS
B79: 101442 | C79: =VLOOKUP(B79,'FML March 2026'!E:F,2,false) -> PROSCIUTTO DI SAN DANIELE LEVONI BONELESS 16 MONTH RESERVE CS/16 LBS | D79: =VLOOKUP(B79,'Unit of Measure ship March 2026'!A:C,3,false) -> LBS
B80: 16946 | C80: =VLOOKUP(B80,'FML March 2026'!E:F,2,false) -> QUINOA WHITE | D80: =VLOOKUP(B80,'Unit of Measure ship March 2026'!A:C,3,false) -> PC/12OZ
B81: 15805 | C81: =VLOOKUP(B81,'FML March 2026'!E:F,2,false) -> RAISINS GOLDEN SEEDLESS | D81: =VLOOKUP(B81,'Unit of Measure ship March 2026'!A:C,3,false) -> LBS
B82: 16234 | C82: =VLOOKUP(B82,'FML March 2026'!E:F,2,false) -> RICE BROWN 25 LB PRODUCERS/ PAR EXCELLENCE | D82: =VLOOKUP(B82,'Unit of Measure ship March 2026'!A:C,3,false) -> LBS
B83: 24095 | C83: =VLOOKUP(B83,'FML March 2026'!E:F,2,false) -> RICE ROUND PAELLA | D83: =VLOOKUP(B83,'Unit of Measure ship March 2026'!A:C,3,false) -> LBS
B84: 112618 | C84: =VLOOKUP(B84,'FML March 2026'!E:F,2,false) -> ROSE ESSENCE ANGEL BAKE VV | D84: =VLOOKUP(B84,'Unit of Measure ship March 2026'!A:C,3,false) -> PKG2/OZ
B85: 142891 | C85: =VLOOKUP(B85,'FML March 2026'!E:F,2,false) -> SALT CURING PRAGUE #1 2.5 LB HOOSIER HILL | D85: =VLOOKUP(B85,'Unit of Measure ship March 2026'!A:C,3,false) -> LBS
B86: 16307 | C86: =VLOOKUP(B86,'FML March 2026'!E:F,2,false) -> SALT KOSHER GRANULATED | D86: =VLOOKUP(B86,'Unit of Measure ship March 2026'!A:C,3,false) -> LBS
... B91: 16945 | C91: =VLOOKUP(B91,'FML March 2026'!E:F,2,false) -> SOY MILK 12/32 OZ SILK/ PACKER | D91: =VLOOKUP(B91,'Unit of Measure ship March 2026'!A:C,3,false) -> LT
B92: 44287 | C92: =VLOOKUP(B92,'FML March 2026'!E:F,2,false) -> SPANISH STYLE CHORIZO. DRIED | D92: LBS
B93: 107138 | C93: =VLOOKUP(B93,'FML March 2026'!E:F,2,false) -> SPICE SAFFRON THREADS SPANISH (SPAIN) | D93: =VLOOKUP(B93,'Unit of Measure ship March 2026'!A:C,3,false) -> CAN/1-OZ
B94: 100872 | C94: =VLOOKUP(B94,'FML March 2026'!E:F,2,false) -> SUGAR BROWN LIGHT 24LB DOMINO (404309) | D94: =VLOOKUP(B94,'Unit of Measure ship March 2026'!A:C,3,false) -> LBS
B95: 109843 | C95: =VLOOKUP(B95,'FML March 2026'!E:F,2,false) -> SUGAR IN THE RAW CS12/2 LB | D95: =VLOOKUP(B95,'Unit of Measure ship March 2026'!A:C,3,false) -> KG
B96: 15642 | C96: =VLOOKUP(B96,'FML March 2026'!E:F,2,false) -> SUGAR, GRANULATED, ICUMSA 150, SUGARCANE, DRY, 1/50 LB | D96: =VLOOKUP(B96,'Unit of Measure ship March 2026'!A:C,3,false) -> LBS
B97: 15644 | C97: =VLOOKUP(B97,'FML March 2026'!E:F,2,false) -> SUGAR, POWDERED, W/ CORNSTARCH, DRY, 24/1 LB | D97: =VLOOKUP(B97,'Unit of Measure ship March 2026'!A:C,3,false) -> LBS
B98: 29904 | C98: =VLOOKUP(B98,'FML March 2026'!E:F,2,false) -> SYRUP, MAPLE, 100% PURE, GRADE A, AMBER, DRY, 4/4 LT | D98: =VLOOKUP(B98,'Unit of Measure ship March 2026'!A:C,3,false) -> BOX/4LTR
B99: 110928 | C99: =VLOOKUP(B99,'FML March 2026'!E:F,2,false) -> TAHINI PASTE CS12/1LB SOOM | D99: =VLOOKUP(B99,'Unit of Measure ship March 2026'!A:C,3,false) -> LBS
B100: 109632 | C100: =VLOOKUP(B100,'FML March 2026'!E:F,2,false) -> TAPIOCA FLOUR BOBS RED MILL | D100: =VLOOKUP(B100,'Unit of Measure ship March 2026'!A:C,3,false) -> KG
B101: 143140 | C101: =VLOOKUP(B101,'FML March 2026'!E:F,2,false) -> TOMATO, WHOLE, PEELED, IN JUICE, DRY, 6/#10 | D101: =VLOOKUP(B101,'Unit of Measure ship March 2026'!A:C,3,false) -> C6/6.5LB
B102: 109765 | C102: =VLOOKUP(B102,'FML March 2026'!E:F,2,false) -> TOMATOES CHERRY MIXED HEIRLOOM | D102: =VLOOKUP(B102,'Unit of Measure ship March 2026'!A:C,3,false) -> LBS
B103: 20844 | C103: =VLOOKUP(B103,'FML March 2026'!E:F,2,false) -> VEAL DEMI GLACE CUISINE SOLUTIONS 1003743 (NO INSPECTION NEEDED) (NETHERLANDS) | D103: =VLOOKUP(B103,'Unit of Measure ship March 2026'!A:C,3,false) -> LBS
B104: 109927 | C104: =VLOOKUP(B104,'FML March 2026'!E:F,2,false) -> VEGAN GROUND BEEF ALTERNATIVE IMPOSSIBLE BULK | D104: =VLOOKUP(B104,'Unit of Measure ship March 2026'!A:C,3,false) -> LBS
... B113: 111706 | C113: =VLOOKUP(B113,'FML March 2026'!E:F,2,false) -> ZA'ATAR SPICE CS 6/16 OZ WOODLAND FARMS | D113: =VLOOKUP(B113,'Unit of Measure ship March 2026'!A:C,3,false) -> LBS

Sheet 15 Razzle Dazzle Ariya - VAL
B1: 15 - Razzle Dazzle - Menu Basic Preperation 01/15/01 | F1: 15 - Razzle Dazzle - Vegetables & Fruit 03/15/06 | J1: 15 - Razzle Dazzle - Meat 05/15/03 | N1: 15 - Razzle Dazzle - Fish & Seafood 05/15/04
B2: Code | C2: Ingredient Name | D2: UM | F2: Code | G2: Ingredient Name | H2: UM | J2: Code | K2: Ingredient Name | L2: UM | N2: Code | O2: Ingredient Name | P2: UM
B3: 112749 | C3: =VLOOKUP(B3,'FML March 2026'!E:F,2,false) -> ACHAR SWEET PICKLE LIME/DEEP VV | D3: =VLOOKUP(B3,'Unit of Measure ship March 2026'!A:C,3,false) -> JR500/GR | F3: 110102 | G3: =VLOOKUP(F3,'FML March 2026'!E:F,2,false) -> AGAVE RAW AMBER MADHAVA | H3: =VLOOKUP(F3,'Unit of Measure ship March 2026'!A:C,3,false) -> LBS | J3: 14383 | K3: =VLOOKUP(J3,'FML March 2026'!E:F,2,false) -> BEEF CHUCK SHORT RIB USDA CHOICE (USA) NAMP-130 | L3: =VLOOKUP(J3,'Unit of Measure ship March 2026'!A:C,3,false) -> LBS | N3: 11455 | O3: =VLOOKUP(N3,'FML March 2026'!E:F,2,false) -> CRAB MEAT LUMP, PASTEURIZED CANNED, CS12/1 TRANS GLOBAL (INDIA) | P3: =VLOOKUP(N3,'Unit of Measure ship March 2026'!A:C,3,false) -> LBS
B4: 51236 | C4: =VLOOKUP(B4,'FML March 2026'!E:F,2,false) -> ACID CITRIC 1 KG L. FRANCOIS CUISINE TECH | D4: =VLOOKUP(B4,'Unit of Measure ship March 2026'!A:C,3,false) -> LBS | F4: 53697 | G4: =VLOOKUP(F4,'FML March 2026'!E:F,2,false) -> ARTICHOKE, JERUSALEM, FRESH | H4: =VLOOKUP(F4,'Unit of Measure ship March 2026'!A:C,3,false) -> LBS | J4: 34727 | K4: =VLOOKUP(J4,'FML March 2026'!E:F,2,false) -> BEEF EXPORT RIBS, CAB CHOICE 18/DOWN 4/PC, 30D AGE,BLST/FRZN (USA) NAMP-109E | L4: =VLOOKUP(J4,'Unit of Measure ship March 2026'!A:C,3,false) -> LBS | N4: 14670 | O4: =VLOOKUP(N4,'FML March 2026'!E:F,2,false) -> RED SNAPPER FILLET SKIN-ON 1-3 LB FROZEN (IP IS FTZ) (VIETNAM) | P4: =VLOOKUP(N4,'Unit of Measure ship March 2026'!A:C,3,false) -> LBS
B5: 40445 | C5: =VLOOKUP(B5,'FML March 2026'!E:F,2,false) -> ALMOND BLANCHED FLOUR (USA ) | D5: =VLOOKUP(B5,'Unit of Measure ship March 2026'!A:C,3,false) -> LBS | F5: 15378 | G5: =VLOOKUP(F5,'FML March 2026'!E:F,2,false) -> AVOCADOS HASS FRESH CA-48PC FL-12/14PC 20# | H5: =VLOOKUP(F5,'Unit of Measure ship March 2026'!A:C,3,false) -> LBS | J5: 148887 | K5: =VLOOKUP(J5,'FML March 2026'!E:F,2,false) -> BEEF TENDERLOIN PEELED STRAP-ON 100 DAY GRAIN FED JBS (AUSTRALIA) NAMP-189A | L5: =VLOOKUP(J5,'Unit of Measure ship March 2026'!A:C,3,false) -> LBS | N5: 42269 | O5: =VLOOKUP(N5,'FML March 2026'!E:F,2,false) -> SHRIMP 16/20 RAW P&D TAIL-ON CS10/LB SURAM ROYAL WHITE (VIETNAM) | P5: =VLOOKUP(N5,'Unit of Measure ship March 2026'!A:C,3,false) -> LBS
B6: 15798 | C6: =VLOOKUP(B6,'FML March 2026'!E:F,2,false) -> ALMONDS BLANCHED SLICED | D6: =VLOOKUP(B6,'Unit of Measure ship March 2026'!A:C,3,false) -> LBS | F6: 43801 | G6: =VLOOKUP(F6,'FML March 2026'!E:F,2,false) -> BRUSSEL SPROUTS, MEDIUM, GRADE A, FRZN | H6: =VLOOKUP(F6,'Unit of Measure ship March 2026'!A:C,3,false) -> LBS | J6: 11695 | K6: =VLOOKUP(J6,'FML March 2026'!E:F,2,false) -> CHICKEN LEG/THIGH BONELESS & SKINLESS FROZEN | L6: =VLOOKUP(J6,'Unit of Measure ship March 2026'!A:C,3,false) -> LBS | N6: 20913 | O6: =VLOOKUP(N6,'FML March 2026'!E:F,2,false) -> YELLOWTAIL (HAMACHI) LOIN SEIKI #1 SUSHI GRADE | P6: =VLOOKUP(N6,'Unit of Measure ship March 2026'!A:C,3,false) -> LBS
B7: 110031 | C7: =VLOOKUP(B7,'FML March 2026'!E:F,2,false) -> ALMONDS MARCONA CS/11LBS SAVOR IMPORTS | D7: =VLOOKUP(B7,'Unit of Measure ship March 2026'!A:C,3,false) -> LBS | F7: 15454 | G7: =VLOOKUP(F7,'FML March 2026'!E:F,2,false) -> CABBAGE GREEN COMM MED/LG TRIMMED 50# | H7: =VLOOKUP(F7,'Unit of Measure ship March 2026'!A:C,3,false) -> LBS | J7: 14576 | K7: =VLOOKUP(J7,'FML March 2026'!E:F,2,false) -> CHICKEN, FRYER, WOG, IND WRAPPED, NON-INJECTED, 2.50-3.25 LB EA, FZN, 12/1 EA | L7: =VLOOKUP(J7,'Unit of Measure ship March 2026'!A:C,3,false) -> LBS
B8: 15799 | C8: =VLOOKUP(B8,'FML March 2026'!E:F,2,false) -> ALMONDS SHELLED WHOLE | D8: =VLOOKUP(B8,'Unit of Measure ship March 2026'!A:C,3,false) -> LBS | F8: 15458 | G8: =VLOOKUP(F8,'FML March 2026'!E:F,2,false) -> CARROTS CLIP TOP 50# | H8: =VLOOKUP(F8,'Unit of Measure ship March 2026'!A:C,3,false) -> LBS | J8: 10051 | K8: =VLOOKUP(J8,'FML March 2026'!E:F,2,false) -> LAMB HIND SHANK FROZEN 2/PK AUSTRALIA | L8: =VLOOKUP(J8,'Unit of Measure ship March 2026'!A:C,3,false) -> LBS
B9: 40136 | C9: =VLOOKUP(B9,'FML March 2026'!E:F,2,false) -> ALMONDS SLIVERED BLANCHED 5 LBS | D9: =VLOOKUP(B9,'Unit of Measure ship March 2026'!A:C,3,false) -> LBS | F9: 110064 | G9: =VLOOKUP(F9,'FML March 2026'!E:F,2,false) -> CARROTS RAINBOW FRESH | H9: =VLOOKUP(F9,'Unit of Measure ship March 2026'!A:C,3,false) -> LBS
B10: 14978 | C10: =VLOOKUP(B10,'FML March 2026'!E:F,2,false) -> AMERICAN CHEESE, YELLOW, SLICED, STACK PACK | D10: =VLOOKUP(B10,'Unit of Measure ship March 2026'!A:C,3,false) -> LBS | F10: 15459 | G10: =VLOOKUP(F10,'FML March 2026'!E:F,2,false) -> CAULIFLOWER #1 CAL. 12 CT 25# | H10: =VLOOKUP(F10,'Unit of Measure ship March 2026'!A:C,3,false) -> LBS
B11: 16304 | C11: =VLOOKUP(B11,'FML March 2026'!E:F,2,false) -> ANISE STAR BADIA | D11: =VLOOKUP(B11,'Unit of Measure ship March 2026'!A:C,3,false) -> UNIT/8OZ | F11: 110917 | G11: =VLOOKUP(F11,'FML March 2026'!E:F,2,false) -> CAULIFLOWER ORANGE 12CT (28LB) | H11: =VLOOKUP(F11,'Unit of Measure ship March 2026'!A:C,3,false) -> LBS
B12: 109664 | C12: =VLOOKUP(B12,'FML March 2026'!E:F,2,false) -> APPLE CIDER VINEGAR SPARROW LANE V | D12: =VLOOKUP(B12,'Unit of Measure ship March 2026'!A:C,3,false) -> GAL | F12: 110078 | G12: =VLOOKUP(F12,'FML March 2026'!E:F,2,false) -> CAULIFLOWER PURPLR FRESH | H12: =VLOOKUP(F12,'Unit of Measure ship March 2026'!A:C,3,false) -> EA
B13: 108988 | C13: =VLOOKUP(B13,'FML March 2026'!E:F,2,false) -> ASAFOETIDA // HING | D13: LBS | F13: 15460 | G13: =VLOOKUP(F13,'FML March 2026'!E:F,2,false) -> CELERY #1 CAL. 36CT 60# | H13: =VLOOKUP(F13,'Unit of Measure ship March 2026'!A:C,3,false) -> LBS
B14: 15651 | C14: =VLOOKUP(B14,'FML March 2026'!E:F,2,false) -> BAKING POWDER 50 LB | D14: =VLOOKUP(B14,'Unit of Measure ship March 2026'!A:C,3,false) -> LBS | F14: 109760 | G14: =VLOOKUP(F14,'FML March 2026'!E:F,2,false) -> CELERY MICRO HARPKE FAMILY FARM - PK/5 OZ PACKED IN 60 OZ CLAM SHELL | H14: =VLOOKUP(F14,'Unit of Measure ship March 2026'!A:C,3,false) -> PK/5OZ
B15: 15651 | C15: =VLOOKUP(B15,'FML March 2026'!E:F,2,false) -> BAKING POWDER 50 LB | D15: =VLOOKUP(B15,'Unit of Measure ship March 2026'!A:C,3,false) -> LBS | F15: 35189 | G15: =VLOOKUP(F15,'FML March 2026'!E:F,2,false) -> CHILI PEPPERS GREEN FRESH | H15: =VLOOKUP(F15,'Unit of Measure ship March 2026'!A:C,3,false) -> LBS
B16: 15652 | C16: =VLOOKUP(B16,'FML March 2026'!E:F,2,false) -> BAKING SODA | D16: =VLOOKUP(B16,'Unit of Measure ship March 2026'!A:C,3,false) -> LBS | F16: 35189 | G16: =VLOOKUP(F16,'FML March 2026'!E:F,2,false) -> CHILI PEPPERS GREEN FRESH | H16: =VLOOKUP(F16,'Unit of Measure ship March 2026'!A:C,3,false) -> LBS
B17: 26627 | C17: =VLOOKUP(B17,'FML March 2026'!E:F,2,false) -> BEANS CHICK PEAS DRY BULK | D17: =VLOOKUP(B17,'Unit of Measure ship March 2026'!A:C,3,false) -> LBS | F17: 15431 | G17: =VLOOKUP(F17,'FML March 2026'!E:F,2,false) -> CILANTRO (12 BUNCH) 1 LB/CS DOMESTIC | H17: =VLOOKUP(F17,'Unit of Measure ship March 2026'!A:C,3,false) -> LBS
B18: 141634 | C18: =VLOOKUP(B18,'FML March 2026'!E:F,2,false) -> BEANS, GREEN, FINE, GRADE A, IQF, FZN, 1/10KG | D18: =VLOOKUP(B18,'Unit of Measure ship March 2026'!A:C,3,false) -> LBS | F18: 111175 | G18: =VLOOKUP(F18,'FML March 2026'!E:F,2,false) -> CILANTRO MICRO FRESH HARPKE FAMILY FARM PK/5 OZ PACKED IN 60 OZ SIZE CLAM SHELL | H18: =VLOOKUP(F18,'Unit of Measure ship March 2026'!A:C,3,false) -> EA
B19: 142489 | C19: =VLOOKUP(B19,'FML March 2026'!E:F,2,false) -> BHEL SNACK MIX | D19: =VLOOKUP(B19,'Unit of Measure ship March 2026'!A:C,3,false) -> LBS | F19: 109754 | G19: =VLOOKUP(F19,'FML March 2026'!E:F,2,false) -> CUCUMBER ENGLISH SEEDLESS, LARGE | H19: =VLOOKUP(F19,'Unit of Measure ship March 2026'!A:C,3,false) -> LBS
B20: 142518 | C20: =VLOOKUP(B20,'FML March 2026'!E:F,2,false) -> BIRYANI MASALA INDIAN SPICE SHAN | D20: =VLOOKUP(B20,'Unit of Measure ship March 2026'!A:C,3,false) -> LBS | F20: 30024 | G20: =VLOOKUP(F20,'FML March 2026'!E:F,2,false) -> CURRY LEAVES | H20: =VLOOKUP(F20,'Unit of Measure ship March 2026'!A:C,3,false) -> KG
B21: 20775 | C21: =VLOOKUP(B21,'FML March 2026'!E:F,2,false) -> BLACK SALT POWDER (KALA NAMAK)-VV ONLY | D21: =VLOOKUP(B21,'Unit of Measure ship March 2026'!A:C,3,false) -> LBS | F21: 15464 | G21: =VLOOKUP(F21,'FML March 2026'!E:F,2,false) -> EGGPLANT MEDIUM, 225 - 300 MM | H21: =VLOOKUP(F21,'Unit of Measure ship March 2026'!A:C,3,false) -> LBS
B22: 20884 | C22: =VLOOKUP(B22,'FML March 2026'!E:F,2,false) -> BREAD CRUMBS PANKO 25 LB KIKKOMAN #05010 (USA) | D22: =VLOOKUP(B22,'Unit of Measure ship March 2026'!A:C,3,false) -> LBS | F22: 15508 | G22: =VLOOKUP(F22,'FML March 2026'!E:F,2,false) -> FINGERLING POTATOES | H22: =VLOOKUP(F22,'Unit of Measure ship March 2026'!A:C,3,false) -> LBS
B23: 109712 | C23: =VLOOKUP(B23,'FML March 2026'!E:F,2,false) -> BREAD SOURDOUGH COUNTRY WHEAT BRD40B19 1KG LOAF ZAK THE BAKER | D23: =VLOOKUP(B23,'Unit of Measure ship March 2026'!A:C,3,false) -> LV | F23: 15466 | G23: =VLOOKUP(F23,'FML March 2026'!E:F,2,false) -> GARLIC CRATE JUMBO 30# 8 CT | H23: =VLOOKUP(F23,'Unit of Measure ship March 2026'!A:C,3,false) -> LBS
B24: 109933 | C24: =VLOOKUP(B24,'FML March 2026'!E:F,2,false) -> BUTTER ALTERNATIVE VEGAN PLANT PERFECT (USA) | D24: =VLOOKUP(B24,'Unit of Measure ship March 2026'!A:C,3,false) -> LBS | F24: 30639 | G24: =VLOOKUP(F24,'FML March 2026'!E:F,2,false) -> GARLIC PEELED | H24: =VLOOKUP(F24,'Unit of Measure ship March 2026'!A:C,3,false) -> LBS
B25: 15016 | C25: =VLOOKUP(B25,'FML March 2026'!E:F,2,false) -> BUTTER, UNSALTED, 82% FAT, FZN, 50/200 G | D25: =VLOOKUP(B25,'Unit of Measure ship March 2026'!A:C,3,false) -> LBS | F25: 38392 | G25: =VLOOKUP(F25,'FML March 2026'!E:F,2,false) -> GINGER FRESH | H25: =VLOOKUP(F25,'Unit of Measure ship March 2026'!A:C,3,false) -> LBS
... B30: 15893 | C30: =VLOOKUP(B30,'FML March 2026'!E:F,2,false) -> CASHEWS, RAW, WHOLE, #320, DRY, 1/50 LB | D30: =VLOOKUP(B30,'Unit of Measure ship March 2026'!A:C,3,false) -> LBS | F30: 15400 | G30: =VLOOKUP(F30,'FML March 2026'!E:F,2,false) -> MANGOS, RIPE 9/12 CT, 10#/CS | H30: =VLOOKUP(F30,'Unit of Measure ship March 2026'!A:C,3,false) -> LBS
B31: 48393 | C31: =VLOOKUP(B31,'FML March 2026'!E:F,2,false) -> CHAAT MASALA POWDER, INDIAN SPICE 10/100 GR MDH/SHAN | D31: =VLOOKUP(B31,'Unit of Measure ship March 2026'!A:C,3,false) -> LBS | F31: 110915 | G31: =VLOOKUP(F31,'FML March 2026'!E:F,2,false) -> MICRO GREEN FLOWER BLEND PKG 8 OZ | H31: LBS
B32: 109925 | C32: =VLOOKUP(B32,'FML March 2026'!E:F,2,false) -> CHEESE VEGAN CREAM CHEESE | D32: =VLOOKUP(B32,'Unit of Measure ship March 2026'!A:C,3,false) -> LBS | F32: 110916 | G32: =VLOOKUP(F32,'FML March 2026'!E:F,2,false) -> MICRO GREEN MINT FRESH PKG/4OZ | H32: =VLOOKUP(F32,'Unit of Measure ship March 2026'!A:C,3,false) -> LBS
B33: 27418 | C33: =VLOOKUP(B33,'FML March 2026'!E:F,2,false) -> CHEESE, PARMIGIANO REGGIANO, DOP, QUARTERS, 18-20 LB EA, CHL, 2/1 EA | D33: =VLOOKUP(B33,'Unit of Measure ship March 2026'!A:C,3,false) -> LBS | F33: 110056 | G33: =VLOOKUP(F33,'FML March 2026'!E:F,2,false) -> MICRO LEMON BALM | H33: =VLOOKUP(F33,'Unit of Measure ship March 2026'!A:C,3,false) -> LBS
B34: 109681 | C34: =VLOOKUP(B34,'FML March 2026'!E:F,2,false) -> CHICKEN STOCK CS4.5 LT SAVORY CHOICE FLAVOR | D34: =VLOOKUP(B34,'Unit of Measure ship March 2026'!A:C,3,false) -> LITER | F34: 15436 | G34: =VLOOKUP(F34,'FML March 2026'!E:F,2,false) -> MINT (12 BUNCH), 1 LB/CS | H34: =VLOOKUP(F34,'Unit of Measure ship March 2026'!A:C,3,false) -> LBS
B35: 16308 | C35: =VLOOKUP(B35,'FML March 2026'!E:F,2,false) -> CHILI PEPPER RED CRUSHED D`ALLESANDRO/ SPICECO | D35: =VLOOKUP(B35,'Unit of Measure ship March 2026'!A:C,3,false) -> LBS | F35: 110069 | G35: =VLOOKUP(F35,'FML March 2026'!E:F,2,false) -> MUSHROOM KING TRUMPET | H35: =VLOOKUP(F35,'Unit of Measure ship March 2026'!A:C,3,false) -> LBS
B36: 16252 | C36: =VLOOKUP(B36,'FML March 2026'!E:F,2,false) -> CHILI POWDER 16 OZ D`ALLESANDRO/ SPICECO | D36: =VLOOKUP(B36,'Unit of Measure ship March 2026'!A:C,3,false) -> LBS | F36: 31638 | G36: =VLOOKUP(F36,'FML March 2026'!E:F,2,false) -> MUSHROOMS, FRESH WHITE, 8 OZ CELLO PACK | H36: =VLOOKUP(F36,'Unit of Measure ship March 2026'!A:C,3,false) -> LBS
B37: 35441 | C37: =VLOOKUP(B37,'FML March 2026'!E:F,2,false) -> CHOCOLATE COUVERTURE DARK 70% CALLETS CALLEBAUT | D37: =VLOOKUP(B37,'Unit of Measure ship March 2026'!A:C,3,false) -> LBS | F37: 15496 | G37: =VLOOKUP(F37,'FML March 2026'!E:F,2,false) -> ONIONS RED, MEDIUM 25# | H37: =VLOOKUP(F37,'Unit of Measure ship March 2026'!A:C,3,false) -> LBS
B38: 16253 | C38: =VLOOKUP(B38,'FML March 2026'!E:F,2,false) -> CINNAMON GROUND | D38: =VLOOKUP(B38,'Unit of Measure ship March 2026'!A:C,3,false) -> LBS | F38: 111864 | G38: =VLOOKUP(F38,'FML March 2026'!E:F,2,false) -> ONIONS, PEARL ONIONS RED FRESH 1/12PT 4#/CS | H38: =VLOOKUP(F38,'Unit of Measure ship March 2026'!A:C,3,false) -> LBS
B39: 16254 | C39: =VLOOKUP(B39,'FML March 2026'!E:F,2,false) -> CLOVES WHOLE D`ALLESANDRO/ SPICECO | D39: =VLOOKUP(B39,'Unit of Measure ship March 2026'!A:C,3,false) -> LBS | F39: 15497 | G39: =VLOOKUP(F39,'FML March 2026'!E:F,2,false) -> ONIONS, YELLOW, MEDIUM, SPANISH #1, 50# | H39: =VLOOKUP(F39,'Unit of Measure ship March 2026'!A:C,3,false) -> LBS
B40: 15697 | C40: =VLOOKUP(B40,'FML March 2026'!E:F,2,false) -> COCOA EXTRA BRUT 6/1 KG. RED COCOA POWDER CALLEBAUT/ COCOA BARRY | D40: =VLOOKUP(B40,'Unit of Measure ship March 2026'!A:C,3,false) -> LBS | F40: 15408 | G40: =VLOOKUP(F40,'FML March 2026'!E:F,2,false) -> ORANGES CAL. SUNKIST FANCY, VALENCIA NAVEL,88CT 40# | H40: =VLOOKUP(F40,'Unit of Measure ship March 2026'!A:C,3,false) -> LBS
B41: 110020 | C41: =VLOOKUP(B41,'FML March 2026'!E:F,2,false) -> COCONUT FLAKES UNSWEETENED BOBS RED MILL CS4/24OZ | D41: =VLOOKUP(B41,'Unit of Measure ship March 2026'!A:C,3,false) -> LBS | F41: 105768 | G41: =VLOOKUP(F41,'FML March 2026'!E:F,2,false) -> PAPAYA (9-12CT), GREEN | H41: LBS
B42: 112179 | C42: =VLOOKUP(B42,'FML March 2026'!E:F,2,false) -> COCONUT MEAT FROZEN CS11/1LB EXOTIC SUPER FOODS | D42: LBS | F42: 15500 | G42: =VLOOKUP(F42,'FML March 2026'!E:F,2,false) -> PARSLEY ITALIAN, 20#/CS | H42: =VLOOKUP(F42,'Unit of Measure ship March 2026'!A:C,3,false) -> LBS
B43: 62920 | C43: =VLOOKUP(B43,'FML March 2026'!E:F,2,false) -> COCONUT MILK CS24/14OZ 17% TO 18% | D43: =VLOOKUP(B43,'Unit of Measure ship March 2026'!A:C,3,false) -> PC/13.5Z | F43: 109763 | G43: =VLOOKUP(F43,'FML March 2026'!E:F,2,false) -> PEA SHOOTS FRESH | H43: =VLOOKUP(F43,'Unit of Measure ship March 2026'!A:C,3,false) -> LBS
B44: 102793 | C44: =VLOOKUP(B44,'FML March 2026'!E:F,2,false) -> COCONUT WATER 1 LT OR 24/16.5OZ | D44: =VLOOKUP(B44,'Unit of Measure ship March 2026'!A:C,3,false) -> LT | F44: 43805 | G44: =VLOOKUP(F44,'FML March 2026'!E:F,2,false) -> PEAS, GREEN, GRADE A, IQF, FZN, 1/10 KG | H44: =VLOOKUP(F44,'Unit of Measure ship March 2026'!A:C,3,false) -> LBS
B45: 16289 | C45: =VLOOKUP(B45,'FML March 2026'!E:F,2,false) -> CORIANDER GROUND BADIA (USA ) | D45: =VLOOKUP(B45,'Unit of Measure ship March 2026'!A:C,3,false) -> LBS | F45: 33681 | G45: =VLOOKUP(F45,'FML March 2026'!E:F,2,false) -> PEPPER BLACK GROUND BADIA (USA ) | H45: =VLOOKUP(F45,'Unit of Measure ship March 2026'!A:C,3,false) -> LBS
B46: 16288 | C46: =VLOOKUP(B46,'FML March 2026'!E:F,2,false) -> CORIANDER WHOLE BADIA (USA ) | D46: =VLOOKUP(B46,'Unit of Measure ship March 2026'!A:C,3,false) -> LBS | F46: 112615 | G46: =VLOOKUP(F46,'FML March 2026'!E:F,2,false) -> PEPPER JALAPENO RED FRESH | H46: =VLOOKUP(F46,'Unit of Measure ship March 2026'!A:C,3,false) -> LBS
B47: 16184 | C47: =VLOOKUP(B47,'FML March 2026'!E:F,2,false) -> CORNSTARCH BULK | D47: =VLOOKUP(B47,'Unit of Measure ship March 2026'!A:C,3,false) -> LBS | F47: 111047 | G47: =VLOOKUP(F47,'FML March 2026'!E:F,2,false) -> PEPPER THAI LONG GREEN FRESH CS3/LBS | H47: =VLOOKUP(F47,'Unit of Measure ship March 2026'!A:C,3,false) -> LBS
B48: 15863 | C48: =VLOOKUP(B48,'FML March 2026'!E:F,2,false) -> CRACKER CRUMBS GRAHAM (USA) | D48: =VLOOKUP(B48,'Unit of Measure ship March 2026'!A:C,3,false) -> LBS | F48: 15504 | G48: =VLOOKUP(F48,'FML March 2026'!E:F,2,false) -> PEPPERS HOT, JALAPENOS 10# | H48: =VLOOKUP(F48,'Unit of Measure ship March 2026'!A:C,3,false) -> LBS
B49: 15707 | C49: =VLOOKUP(B49,'FML March 2026'!E:F,2,false) -> CRANBERRIES DRIED 10 LB OCEAN SPRAY (USA) | D49: =VLOOKUP(B49,'Unit of Measure ship March 2026'!A:C,3,false) -> LBS | F49: 15502 | G49: =VLOOKUP(F49,'FML March 2026'!E:F,2,false) -> PEPPERS RED, MEDIUM, 88-100 MM | H49: =VLOOKUP(F49,'Unit of Measure ship March 2026'!A:C,3,false) -> LBS
B50: 14987 | C50: =VLOOKUP(B50,'FML March 2026'!E:F,2,false) -> CREAM CHEESE QUESCREM/PHILADELPHIA FOR BAKERY | D50: =VLOOKUP(B50,'Unit of Measure ship March 2026'!A:C,3,false) -> LBS | F50: 15577 | G50: =VLOOKUP(F50,'FML March 2026'!E:F,2,false) -> PEPPERS YELLOW, MEDIUM, 88-100 MM | H50: =VLOOKUP(F50,'Unit of Measure ship March 2026'!A:C,3,false) -> LBS
B51: 16256 | C51: =VLOOKUP(B51,'FML March 2026'!E:F,2,false) -> CUMIN GROUND D`ALLESANDRO/ SPICECO (USA ) | D51: =VLOOKUP(B51,'Unit of Measure ship March 2026'!A:C,3,false) -> LBS | F51: 15506 | G51: =VLOOKUP(F51,'FML March 2026'!E:F,2,false) -> PLANTAINS, GREEN 50# | H51: =VLOOKUP(F51,'Unit of Measure ship March 2026'!A:C,3,false) -> KG
B52: 16264 | C52: =VLOOKUP(B52,'FML March 2026'!E:F,2,false) -> CUMIN SEED WHOLE BADIA (USA ) | D52: =VLOOKUP(B52,'Unit of Measure ship March 2026'!A:C,3,false) -> LBS | F52: 15316 | G52: =VLOOKUP(F52,'FML March 2026'!E:F,2,false) -> POMEGRANATE 20-35 CT. 22# | H52: =VLOOKUP(F52,'Unit of Measure ship March 2026'!A:C,3,false) -> LBS
B53: 16264 | C53: =VLOOKUP(B53,'FML March 2026'!E:F,2,false) -> CUMIN SEED WHOLE BADIA (USA ) | D53: =VLOOKUP(B53,'Unit of Measure ship March 2026'!A:C,3,false) -> LBS | F53: 109751 | G53: =VLOOKUP(F53,'FML March 2026'!E:F,2,false) -> POTATO RUSSET 110 CT | H53: =VLOOKUP(F53,'Unit of Measure ship March 2026'!A:C,3,false) -> LBS
B54: 16257 | C54: =VLOOKUP(B54,'FML March 2026'!E:F,2,false) -> CURRY POWDER BADIA (USA ) | D54: =VLOOKUP(B54,'Unit of Measure ship March 2026'!A:C,3,false) -> LBS | F54: 15513 | G54: =VLOOKUP(F54,'FML March 2026'!E:F,2,false) -> POTATOES CHEF (BAG) 50# | H54: =VLOOKUP(F54,'Unit of Measure ship March 2026'!A:C,3,false) -> LBS
... B61: 16535 | C61: =VLOOKUP(B61,'FML March 2026'!E:F,2,false) -> FISH SAUCE, BTL (REQUIRES INSPECTION) | D61: =VLOOKUP(B61,'Unit of Measure ship March 2026'!A:C,3,false) -> BTL/24OZ | F61: 15537 | G61: =VLOOKUP(F61,'FML March 2026'!E:F,2,false) -> TOMATOES 6X6 #1 18# RED RIPE, FIRM (LAYERED), 55-65 MM | H61: =VLOOKUP(F61,'Unit of Measure ship March 2026'!A:C,3,false) -> LBS
B62: 15716 | C62: =VLOOKUP(B62,'FML March 2026'!E:F,2,false) -> FLAVOR VANILLA BOURBON ROYALE FOR ICE CREAM 1 GALLON PASTRY STAR (USA) | D62: =VLOOKUP(B62,'Unit of Measure ship March 2026'!A:C,3,false) -> GAL
B63: 111865 | C63: =VLOOKUP(B63,'FML March 2026'!E:F,2,false) -> FLOUR ALL PURPOSE SIR GALAHAD BAG50/LBS KING ARTHUR | D63: =VLOOKUP(B63,'Unit of Measure ship March 2026'!A:C,3,false) -> LBS
B64: 16332 | C64: =VLOOKUP(B64,'FML March 2026'!E:F,2,false) -> FLOUR CHICK PEA FLOUR BESAN/PACKER | D64: =VLOOKUP(B64,'Unit of Measure ship March 2026'!A:C,3,false) -> LBS
B65: 20883 | C65: =VLOOKUP(B65,'FML March 2026'!E:F,2,false) -> FLOUR GLUTENOUS RICE FLOUR | D65: =VLOOKUP(B65,'Unit of Measure ship March 2026'!A:C,3,false) -> LBS
B66: 15672 | C66: =VLOOKUP(B66,'FML March 2026'!E:F,2,false) -> FOOD COLOR RED 1/10.5 OZ CHEFMASTER | D66: =VLOOKUP(B66,'Unit of Measure ship March 2026'!A:C,3,false) -> BTL/10OZ
B67: 16337 | C67: =VLOOKUP(B67,'FML March 2026'!E:F,2,false) -> GARAM MASALA POWDER INDIAN SPICE D`ALLESANDRO/MAYA | D67: =VLOOKUP(B67,'Unit of Measure ship March 2026'!A:C,3,false) -> LBS
B68: 148494 | C68: =VLOOKUP(B68,'FML March 2026'!E:F,2,false) -> GLUCOSE POWDER KITCHEN ALCHEMY | D68: =VLOOKUP(B68,'Unit of Measure ship March 2026'!A:C,3,false) -> LBS
B69: 12666 | C69: =VLOOKUP(B69,'FML March 2026'!E:F,2,false) -> GLUTEN FREE WHITE RICE FLOUR | D69: =VLOOKUP(B69,'Unit of Measure ship March 2026'!A:C,3,false) -> LBS
B70: 51163 | C70: =VLOOKUP(B70,'FML March 2026'!E:F,2,false) -> GOLD LEAVES, 23K - BOOK DECO RELIEF/SWIFT 2.75" SQUARE | D70: =VLOOKUP(B70,'Unit of Measure ship March 2026'!A:C,3,false) -> PC
B71: 15058 | C71: =VLOOKUP(B71,'FML March 2026'!E:F,2,false) -> GRUYERE IGP SAVOIE CHABERT 40KG / DEXPA # 8681 | D71: =VLOOKUP(B71,'Unit of Measure ship March 2026'!A:C,3,false) -> LBS
B72: 23904 | C72: =VLOOKUP(B72,'FML March 2026'!E:F,2,false) -> HEAVENLY ORGANICS, 100% RAW ACACIA HONEY ORGANIC | D72: =VLOOKUP(B72,'Unit of Measure ship March 2026'!A:C,3,false) -> PC/13OZ
B73: 14907 | C73: =VLOOKUP(B73,'FML March 2026'!E:F,2,false) -> HEAVY CREAM UHT LONG LIFE 38%-40% 12/1LT | D73: =VLOOKUP(B73,'Unit of Measure ship March 2026'!A:C,3,false) -> LT
... B77: 108981 | C77: =VLOOKUP(B77,'FML March 2026'!E:F,2,false) -> LENTILS - URAD DAL VV | D77: =VLOOKUP(B77,'Unit of Measure ship March 2026'!A:C,3,false) -> LBS
B78: 16525 | C78: =VLOOKUP(B78,'FML March 2026'!E:F,2,false) -> LYCHEES WHOLE IN HEAVY SURUP (CHINA) | D78: CAN
B79: 15661 | C79: =VLOOKUP(B79,'FML March 2026'!E:F,2,false) -> MAG 140 OZ SWTND CONDENSED MILK | D79: =VLOOKUP(B79,'Unit of Measure ship March 2026'!A:C,3,false) -> C3/140OZ
B80: 110969 | C80: =VLOOKUP(B80,'FML March 2026'!E:F,2,false) -> MALTODEXTRINE | D80: =VLOOKUP(B80,'Unit of Measure ship March 2026'!A:C,3,false) -> LBS
B81: 102749 | C81: =VLOOKUP(B81,'FML March 2026'!E:F,2,false) -> MASHED POTATO PELLET PLAIN CS 4/2.5KG LUTOSA/ WHITE TOQUE (IRELAND) | D81: =VLOOKUP(B81,'Unit of Measure ship March 2026'!A:C,3,false) -> LBS
B82: 109667 | C82: =VLOOKUP(B82,'FML March 2026'!E:F,2,false) -> MAYONNAISE, UNILEVER - HELLMANN'S, 4800126530, DRY, 4/1 GAL | D82: =VLOOKUP(B82,'Unit of Measure ship March 2026'!A:C,3,false) -> GAL
B83: 110932 | C83: =VLOOKUP(B83,'FML March 2026'!E:F,2,false) -> MILK POWDER NON-FAT INSTANT | D83: =VLOOKUP(B83,'Unit of Measure ship March 2026'!A:C,3,false) -> LBS
B84: 40127 | C84: =VLOOKUP(B84,'FML March 2026'!E:F,2,false) -> MILK, EVAPORATED MILK 24/12OZ 01501 | D84: =VLOOKUP(B84,'Unit of Measure ship March 2026'!A:C,3,false) -> TIN/320G
B85: 14869 | C85: =VLOOKUP(B85,'FML March 2026'!E:F,2,false) -> MILK, UHT, WHOLE, 3.5% FAT, DRY, 12/1 LT | D85: =VLOOKUP(B85,'Unit of Measure ship March 2026'!A:C,3,false) -> LT
B86: 14994 | C86: =VLOOKUP(B86,'FML March 2026'!E:F,2,false) -> MOZZARELLA, DOMESTIC, LOAF | D86: =VLOOKUP(B86,'Unit of Measure ship March 2026'!A:C,3,false) -> LBS
B87: 16414 | C87: =VLOOKUP(B87,'FML March 2026'!E:F,2,false) -> MUSHROOM MOREL DRY | D87: =VLOOKUP(B87,'Unit of Measure ship March 2026'!A:C,3,false) -> LBS
B88: 142509 | C88: =VLOOKUP(B88,'FML March 2026'!E:F,2,false) -> MUSTARD SEEDS BLACK INDIAN SPICE - SWAD 14 OZ | D88: =VLOOKUP(B88,'Unit of Measure ship March 2026'!A:C,3,false) -> LBS
B89: 16869 | C89: =VLOOKUP(B89,'FML March 2026'!E:F,2,false) -> NUTS PEANUTS DRY ROASTED UNSALTED PLANTERS, 6/52 OZ | D89: =VLOOKUP(B89,'Unit of Measure ship March 2026'!A:C,3,false) -> PC/52OZ
B90: 16420 | C90: =VLOOKUP(B90,'FML March 2026'!E:F,2,false) -> OIL GRAPESEED (USA) | D90: =VLOOKUP(B90,'Unit of Measure ship March 2026'!A:C,3,false) -> BTL/17OZ
... B157: 14906 | C157: =VLOOKUP(B157,'FML March 2026'!E:F,2,false) -> YOGURT PLAIN BULK, UNSWEETENED, | D157: =VLOOKUP(B157,'Unit of Measure ship March 2026'!A:C,3,false) -> LBS

Sheet 16 Extra Virgin 
B1: 16 - Extra Virgin - Menu Badic Preperation 01/16/01 | F1: 16 - Extra Virgin - Vegetables & Fruit 03/16/06 | J1: 16 - Extra Virgin - Meat 05/16/03 | N1: 16 - Extra Virgin - Fish & Seafood 05/16/04
B2: Code | C2: Ingredient Name | D2: UM | G2: Ingredient Name | H2: UM | J2: Code | K2: Ingredient Name | L2: UM | N2: Code | O2: Ingredient Name | P2: UM
B3: 51236 | C3: =VLOOKUP(B3,'FML March 2026'!E:F,2,false) -> ACID CITRIC 1 KG L. FRANCOIS CUISINE TECH | D3: =VLOOKUP(B3,'Unit of Measure ship March 2026'!A:C,3,false) -> LBS | F3: 23757 | G3: =VLOOKUP(F3,'FML March 2026'!E:F,2,false) -> APPLES GRANNY SMITH 88CT 40#/CS | H3: =VLOOKUP(F3,'Unit of Measure ship March 2026'!A:C,3,false) -> LBS | J3: 111076 | K3: =VLOOKUP(J3,'FML March 2026'!E:F,2,false) -> BEEF FLEXOR TENDON VV | L3: LBS | N3: 150122 | O3: =VLOOKUP(N3,'FML March 2026'!E:F,2,false) -> MONKFISH WHOLE HEAD OFF 2/3 LB FROZEN | P3: =VLOOKUP(N3,'Unit of Measure ship March 2026'!A:C,3,false) -> LBS
B4: 111083 | C4: =VLOOKUP(B4,'FML March 2026'!E:F,2,false) -> ALEPPO PEPPER PKG 1/LB LA BOITE | D4: =VLOOKUP(B4,'Unit of Measure ship March 2026'!A:C,3,false) -> LBS | F4: 53697 | G4: =VLOOKUP(F4,'FML March 2026'!E:F,2,false) -> ARTICHOKE, JERUSALEM, FRESH | H4: =VLOOKUP(F4,'Unit of Measure ship March 2026'!A:C,3,false) -> LBS | J4: 11189 | K4: =VLOOKUP(J4,'FML March 2026'!E:F,2,false) -> BEEF GROUND CHUCK C.A.B./ ANGUS NAMP 137-2 | L4: =VLOOKUP(J4,'Unit of Measure ship March 2026'!A:C,3,false) -> LBS | N4: 53625 | O4: =VLOOKUP(N4,'FML March 2026'!E:F,2,false) -> SALMON FILLET, ATLANTIC, PREMIUM, FROZEN, 3 - 4 LB D-TRIM INDV. CRYOVAC (CHILE) | P4: =VLOOKUP(N4,'Unit of Measure ship March 2026'!A:C,3,false) -> LBS
B5: 16262 | C5: =VLOOKUP(B5,'FML March 2026'!E:F,2,false) -> ALLSPICE BADIA | D5: =VLOOKUP(B5,'Unit of Measure ship March 2026'!A:C,3,false) -> LBS | F5: 24182 | G5: =VLOOKUP(F5,'FML March 2026'!E:F,2,false) -> ARUGULA, BABY | H5: =VLOOKUP(F5,'Unit of Measure ship March 2026'!A:C,3,false) -> LBS | J5: 112880 | K5: =VLOOKUP(J5,'FML March 2026'!E:F,2,false) -> BEEF MARROW BONES SPLIT (CANOE) 6" LONG POLY WRAPPED VV | L5: =VLOOKUP(J5,'Unit of Measure ship March 2026'!A:C,3,false) -> LBS | N5: 102829 | O5: =VLOOKUP(N5,'FML March 2026'!E:F,2,false) -> Scallops 10/15 CT | P5: =VLOOKUP(N5,'Unit of Measure ship March 2026'!A:C,3,false) -> LBS
B6: 110031 | C6: =VLOOKUP(B6,'FML March 2026'!E:F,2,false) -> ALMONDS MARCONA CS/11LBS SAVOR IMPORTS | D6: =VLOOKUP(B6,'Unit of Measure ship March 2026'!A:C,3,false) -> LBS | F6: 15429 | G6: =VLOOKUP(F6,'FML March 2026'!E:F,2,false) -> BASIL (12 BUNCH) HYDROPONIC OR REGULAR 1 LB/CS | H6: =VLOOKUP(F6,'Unit of Measure ship March 2026'!A:C,3,false) -> LBS | J6: 14389 | K6: =VLOOKUP(J6,'FML March 2026'!E:F,2,false) -> BEEF OXTAIL STEER W/LINER U.S.D.A. NAMP -1791 | L6: =VLOOKUP(J6,'Unit of Measure ship March 2026'!A:C,3,false) -> LBS | N6: 14852 | O6: =VLOOKUP(N6,'FML March 2026'!E:F,2,false) -> SEA BASS EUROPEAN/ BRANZINO HEAD-ON GUTTED FINISHED WEIGHT 800-1000GR POLY WRAP (HOLLAND) | P6: =VLOOKUP(N6,'Unit of Measure ship March 2026'!A:C,3,false) -> LBS
B7: 15799 | C7: =VLOOKUP(B7,'FML March 2026'!E:F,2,false) -> ALMONDS SHELLED WHOLE | D7: =VLOOKUP(B7,'Unit of Measure ship March 2026'!A:C,3,false) -> LBS | F7: 102292 | G7: =VLOOKUP(F7,'FML March 2026'!E:F,2,false) -> BEETS YELLOW FRESH | H7: =VLOOKUP(F7,'Unit of Measure ship March 2026'!A:C,3,false) -> LBS | J7: 148887 | K7: =VLOOKUP(J7,'FML March 2026'!E:F,2,false) -> BEEF TENDERLOIN PEELED STRAP-ON 100 DAY GRAIN FED JBS (AUSTRALIA) NAMP-189A | L7: =VLOOKUP(J7,'Unit of Measure ship March 2026'!A:C,3,false) -> LBS | N7: 42269 | O7: =VLOOKUP(N7,'FML March 2026'!E:F,2,false) -> SHRIMP 16/20 RAW P&D TAIL-ON CS10/LB SURAM ROYAL WHITE (VIETNAM) | P7: =VLOOKUP(N7,'Unit of Measure ship March 2026'!A:C,3,false) -> LBS
B8: 16011 | C8: =VLOOKUP(B8,'FML March 2026'!E:F,2,false) -> ANCHOVY FILLETS IN OLIVE OIL | D8: =VLOOKUP(B8,'Unit of Measure ship March 2026'!A:C,3,false) -> CAN/28OZ | F8: 38191 | G8: =VLOOKUP(F8,'FML March 2026'!E:F,2,false) -> BRUSSELS SPROUTS SMALL | H8: =VLOOKUP(F8,'Unit of Measure ship March 2026'!A:C,3,false) -> LBS | J8: 34728 | K8: =VLOOKUP(J8,'FML March 2026'!E:F,2,false) -> BEEF, STRIPLOIN, BONELESS, 13 DWN, UPPER 2/3, CHOICE, ANGUS, 40 DAY AGED, 0X1, NAMP 180, USA ONLY, <22 LB EA, FZN, 3/1 EA | L8: =VLOOKUP(J8,'Unit of Measure ship March 2026'!A:C,3,false) -> LBS | N8: 14830 | O8: =VLOOKUP(N8,'FML March 2026'!E:F,2,false) -> SQUID WHOLE CLEANED 5/8 CT 4/2.5 LB CS FISHERMAN`S PRIDE (CHINA) | P8: =VLOOKUP(N8,'Unit of Measure ship March 2026'!A:C,3,false) -> LBS
B9: 16013 | C9: =VLOOKUP(B9,'FML March 2026'!E:F,2,false) -> ANCHOVY PASTE 12/1 LB ROLAND | D9: =VLOOKUP(B9,'Unit of Measure ship March 2026'!A:C,3,false) -> CAN/1LB | F9: 15545 | G9: =VLOOKUP(F9,'FML March 2026'!E:F,2,false) -> CABBAGE SAVOY LARGE 40# | H9: =VLOOKUP(F9,'Unit of Measure ship March 2026'!A:C,3,false) -> LBS | J9: 14580 | K9: =VLOOKUP(J9,'FML March 2026'!E:F,2,false) -> CHICKEN LIVER RAW IQF CLEANED FROZEN | L9: =VLOOKUP(J9,'Unit of Measure ship March 2026'!A:C,3,false) -> LBS
B10: 16304 | C10: =VLOOKUP(B10,'FML March 2026'!E:F,2,false) -> ANISE STAR BADIA | D10: =VLOOKUP(B10,'Unit of Measure ship March 2026'!A:C,3,false) -> UNIT/8OZ | F10: 15458 | G10: =VLOOKUP(F10,'FML March 2026'!E:F,2,false) -> CARROTS CLIP TOP 50# | H10: =VLOOKUP(F10,'Unit of Measure ship March 2026'!A:C,3,false) -> LBS | J10: 14579 | K10: =VLOOKUP(J10,'FML March 2026'!E:F,2,false) -> CORNISH HENS IQF USDA GRADE A | L10: =VLOOKUP(J10,'Unit of Measure ship March 2026'!A:C,3,false) -> LBS
B11: 109664 | C11: =VLOOKUP(B11,'FML March 2026'!E:F,2,false) -> APPLE CIDER VINEGAR SPARROW LANE V | D11: =VLOOKUP(B11,'Unit of Measure ship March 2026'!A:C,3,false) -> GAL | F11: 15460 | G11: =VLOOKUP(F11,'FML March 2026'!E:F,2,false) -> CELERY #1 CAL. 36CT 60# | H11: =VLOOKUP(F11,'Unit of Measure ship March 2026'!A:C,3,false) -> LBS | J11: 10051 | K11: =VLOOKUP(J11,'FML March 2026'!E:F,2,false) -> LAMB HIND SHANK FROZEN 2/PK AUSTRALIA | L11: =VLOOKUP(J11,'Unit of Measure ship March 2026'!A:C,3,false) -> LBS
B12: 111121 | C12: =VLOOKUP(B12,'FML March 2026'!E:F,2,false) -> ARTICHOKE "ROMANA STYLE" CS2/3 KG | D12: =VLOOKUP(B12,'Unit of Measure ship March 2026'!A:C,3,false) -> LBS | F12: 15543 | G12: =VLOOKUP(F12,'FML March 2026'!E:F,2,false) -> CHERVIL, FRESH, 12BU 1 LB/CS | H12: =VLOOKUP(F12,'Unit of Measure ship March 2026'!A:C,3,false) -> LBS | J12: 24773 | K12: =VLOOKUP(J12,'FML March 2026'!E:F,2,false) -> PORK BELLY RAW RIND-ON (USA) | L12: =VLOOKUP(J12,'Unit of Measure ship March 2026'!A:C,3,false) -> LBS
B13: 16250 | C13: =VLOOKUP(B13,'FML March 2026'!E:F,2,false) -> BAY LEAVES WHOLE D`ALLESANDRO/ SPICECO | D13: =VLOOKUP(B13,'Unit of Measure ship March 2026'!A:C,3,false) -> LBS | F13: 15438 | G13: =VLOOKUP(F13,'FML March 2026'!E:F,2,false) -> CHIVES (12 BUNCH), 1 LB/CS | H13: =VLOOKUP(F13,'Unit of Measure ship March 2026'!A:C,3,false) -> LBS | J13: 18997 | K13: =VLOOKUP(J13,'FML March 2026'!E:F,2,false) -> PORK CHEEKS W/ PLASTIC LINING | L13: =VLOOKUP(J13,'Unit of Measure ship March 2026'!A:C,3,false) -> LBS
B14: 111962 | C14: =VLOOKUP(B14,'FML March 2026'!E:F,2,false) -> BOQUERONE IN VINEGAR | D14: =VLOOKUP(B14,'Unit of Measure ship March 2026'!A:C,3,false) -> LBS | F14: 15464 | G14: =VLOOKUP(F14,'FML March 2026'!E:F,2,false) -> EGGPLANT MEDIUM, 225 - 300 MM | H14: =VLOOKUP(F14,'Unit of Measure ship March 2026'!A:C,3,false) -> LBS | J14: 37392 | K14: =VLOOKUP(J14,'FML March 2026'!E:F,2,false) -> PORK EARS FROZEN CS30/LBS (36-49020) | L14: =VLOOKUP(J14,'Unit of Measure ship March 2026'!A:C,3,false) -> LBS
B15: 20884 | C15: =VLOOKUP(B15,'FML March 2026'!E:F,2,false) -> BREAD CRUMBS PANKO 25 LB KIKKOMAN #05010 (USA) | D15: =VLOOKUP(B15,'Unit of Measure ship March 2026'!A:C,3,false) -> LBS | F15: 111089 | G15: =VLOOKUP(F15,'FML March 2026'!E:F,2,false) -> ESCAROLE FRESH CS25/LBS | H15: =VLOOKUP(F15,'Unit of Measure ship March 2026'!A:C,3,false) -> LBS
B16: 109933 | C16: =VLOOKUP(B16,'FML March 2026'!E:F,2,false) -> BUTTER ALTERNATIVE VEGAN PLANT PERFECT (USA) | D16: =VLOOKUP(B16,'Unit of Measure ship March 2026'!A:C,3,false) -> LBS | F16: 15547 | G16: =VLOOKUP(F16,'FML March 2026'!E:F,2,false) -> FENNEL FRESH CAL. 40# | H16: =VLOOKUP(F16,'Unit of Measure ship March 2026'!A:C,3,false) -> LBS
B17: 15016 | C17: =VLOOKUP(B17,'FML March 2026'!E:F,2,false) -> BUTTER, UNSALTED, 82% FAT, FZN, 50/200 G | D17: =VLOOKUP(B17,'Unit of Measure ship March 2026'!A:C,3,false) -> LBS | F17: 15466 | G17: =VLOOKUP(F17,'FML March 2026'!E:F,2,false) -> GARLIC CRATE JUMBO 30# 8 CT | H17: =VLOOKUP(F17,'Unit of Measure ship March 2026'!A:C,3,false) -> LBS
B18: 14893 | C18: =VLOOKUP(B18,'FML March 2026'!E:F,2,false) -> BUTTERMILK LOCAL 10 DAYS CS9/HGAL | D18: =VLOOKUP(B18,'Unit of Measure ship March 2026'!A:C,3,false) -> QRT | F18: 30639 | G18: =VLOOKUP(F18,'FML March 2026'!E:F,2,false) -> GARLIC PEELED | H18: =VLOOKUP(F18,'Unit of Measure ship March 2026'!A:C,3,false) -> LBS
B19: 111126 | C19: =VLOOKUP(B19,'FML March 2026'!E:F,2,false) -> CANNELLINI BEANS CS12/15 OZ FIELD DAY | D19: =VLOOKUP(B19,'Unit of Measure ship March 2026'!A:C,3,false) -> CAN15/OZ | F19: 38392 | G19: =VLOOKUP(F19,'FML March 2026'!E:F,2,false) -> GINGER FRESH | H19: =VLOOKUP(F19,'Unit of Measure ship March 2026'!A:C,3,false) -> LBS
B20: 11938 | C20: =VLOOKUP(B20,'FML March 2026'!E:F,2,false) -> CAPER BERRIES STEMMED 6/64 OZ DEL DESTINO/ ROLAND | D20: =VLOOKUP(B20,'Unit of Measure ship March 2026'!A:C,3,false) -> CAN/64OZ | F20: 110907 | G20: =VLOOKUP(F20,'FML March 2026'!E:F,2,false) -> KALE GREEN FRESH CS15/LBS | H20: =VLOOKUP(F20,'Unit of Measure ship March 2026'!A:C,3,false) -> LBS
B21: 16015 | C21: =VLOOKUP(B21,'FML March 2026'!E:F,2,false) -> CAPERS, NON-PAREIL, IN VINEGAR, DRY, 6X850GR | D21: =VLOOKUP(B21,'Unit of Measure ship March 2026'!A:C,3,false) -> CAN/32OZ | F21: 15397 | G21: =VLOOKUP(F21,'FML March 2026'!E:F,2,false) -> LEMONS FRESH FIRM FANCY CALIF. SUNKIST #1 200CT 40# | H21: =VLOOKUP(F21,'Unit of Measure ship March 2026'!A:C,3,false) -> LBS
B22: 15893 | C22: =VLOOKUP(B22,'FML March 2026'!E:F,2,false) -> CASHEWS, RAW, WHOLE, #320, DRY, 1/50 LB | D22: =VLOOKUP(B22,'Unit of Measure ship March 2026'!A:C,3,false) -> LBS | F22: 15608 | G22: =VLOOKUP(F22,'FML March 2026'!E:F,2,false) -> LETTUCE FRISEE 4# | H22: =VLOOKUP(F22,'Unit of Measure ship March 2026'!A:C,3,false) -> LBS
B23: 111144 | C23: =VLOOKUP(B23,'FML March 2026'!E:F,2,false) -> CHEESE ASIAGO VECCHIO CS20/LB AVG AMBROSI | D23: =VLOOKUP(B23,'Unit of Measure ship March 2026'!A:C,3,false) -> LBS | F23: 15489 | G23: =VLOOKUP(F23,'FML March 2026'!E:F,2,false) -> LETTUCE ROMAINE, CAL., CRISP 24HD 38# | H23: =VLOOKUP(F23,'Unit of Measure ship March 2026'!A:C,3,false) -> LBS
B24: 109527 | C24: =VLOOKUP(B24,'FML March 2026'!E:F,2,false) -> CHEESE VEGAN MOZZARELLA BLOCK CS12.5KG VIOLIFE | D24: =VLOOKUP(B24,'Unit of Measure ship March 2026'!A:C,3,false) -> LBS | F24: 15399 | G24: =VLOOKUP(F24,'FML March 2026'!E:F,2,false) -> LIMES, FRESH, FIRM #1 200CT 40# | H24: =VLOOKUP(F24,'Unit of Measure ship March 2026'!A:C,3,false) -> LBS
B25: 27418 | C25: =VLOOKUP(B25,'FML March 2026'!E:F,2,false) -> CHEESE, PARMIGIANO REGGIANO, DOP, QUARTERS, 18-20 LB EA, CHL, 2/1 EA | D25: =VLOOKUP(B25,'Unit of Measure ship March 2026'!A:C,3,false) -> LBS | F25: 15434 | G25: =VLOOKUP(F25,'FML March 2026'!E:F,2,false) -> MARJORAM (12 BUNCH), 1 LB/CS | H25: =VLOOKUP(F25,'Unit of Measure ship March 2026'!A:C,3,false) -> LBS
B26: 47179 | C26: =VLOOKUP(B26,'FML March 2026'!E:F,2,false) -> CHEESE, PECORINO ROMANO | D26: =VLOOKUP(B26,'Unit of Measure ship March 2026'!A:C,3,false) -> LBS | F26: 111180 | G26: =VLOOKUP(F26,'FML March 2026'!E:F,2,false) -> MICRO GREENS BASIL FRESH HARPKE FAMILY FARMS - PK/5 OZ PACKED IN 60 OZ CLAM SHELL SIZE | H26: =VLOOKUP(F26,'Unit of Measure ship March 2026'!A:C,3,false) -> EA
... B49: 111055 | C49: =VLOOKUP(B49,'FML March 2026'!E:F,2,false) -> GUANCIALE FROZEN CS7/LB LA QUERCIA | D49: =VLOOKUP(B49,'Unit of Measure ship March 2026'!A:C,3,false) -> LBS | F49: 109765 | G49: =VLOOKUP(F49,'FML March 2026'!E:F,2,false) -> TOMATOES CHERRY MIXED HEIRLOOM | H49: =VLOOKUP(F49,'Unit of Measure ship March 2026'!A:C,3,false) -> LBS
B50: 23904 | C50: =VLOOKUP(B50,'FML March 2026'!E:F,2,false) -> HEAVENLY ORGANICS, 100% RAW ACACIA HONEY ORGANIC | D50: =VLOOKUP(B50,'Unit of Measure ship March 2026'!A:C,3,false) -> PC/13OZ
B51: 14907 | C51: =VLOOKUP(B51,'FML March 2026'!E:F,2,false) -> HEAVY CREAM UHT LONG LIFE 38%-40% 12/1LT | D51: =VLOOKUP(B51,'Unit of Measure ship March 2026'!A:C,3,false) -> LT
B52: 15658 | C52: =VLOOKUP(B52,'FML March 2026'!E:F,2,false) -> HONEY 6/5 LB GROEB/MELONIA/SWEET HARVEST | D52: =VLOOKUP(B52,'Unit of Measure ship March 2026'!A:C,3,false) -> KG
B53: 109680 | C53: =VLOOKUP(B53,'FML March 2026'!E:F,2,false) -> HOT SAUCE CHOLULAS | D53: =VLOOKUP(B53,'Unit of Measure ship March 2026'!A:C,3,false) -> BTL/6OZ
B54: 16306 | C54: =VLOOKUP(B54,'FML March 2026'!E:F,2,false) -> JUNIPER BERRIES 11 OZ D`ALLESANDRO/ SPICECO | D54: =VLOOKUP(B54,'Unit of Measure ship March 2026'!A:C,3,false) -> LBS
B55: 16316 | C55: =VLOOKUP(B55,'FML March 2026'!E:F,2,false) -> LIQUID SMOKE WRIGHTS | D55: =VLOOKUP(B55,'Unit of Measure ship March 2026'!A:C,3,false) -> GAL
B56: 111990 | C56: =VLOOKUP(B56,'FML March 2026'!E:F,2,false) -> LOBSTER BROTH SAVORY CHOICE CS4.5/LITER FLAVOR | D56: =VLOOKUP(B56,'Unit of Measure ship March 2026'!A:C,3,false) -> LBS
B57: 15081 | C57: =VLOOKUP(B57,'FML March 2026'!E:F,2,false) -> MASCARPONE, TUB | D57: =VLOOKUP(B57,'Unit of Measure ship March 2026'!A:C,3,false) -> LBS
B58: 109667 | C58: =VLOOKUP(B58,'FML March 2026'!E:F,2,false) -> MAYONNAISE, UNILEVER - HELLMANN'S, 4800126530, DRY, 4/1 GAL | D58: =VLOOKUP(B58,'Unit of Measure ship March 2026'!A:C,3,false) -> GAL
B59: 14869 | C59: =VLOOKUP(B59,'FML March 2026'!E:F,2,false) -> MILK, UHT, WHOLE, 3.5% FAT, DRY, 12/1 LT | D59: =VLOOKUP(B59,'Unit of Measure ship March 2026'!A:C,3,false) -> LT
B60: 14555 | C60: =VLOOKUP(B60,'FML March 2026'!E:F,2,false) -> MORTADELLA W/ PISTACHIO GALBANI/ DANIELLE | D60: =VLOOKUP(B60,'Unit of Measure ship March 2026'!A:C,3,false) -> LBS
B61: 16418 | C61: =VLOOKUP(B61,'FML March 2026'!E:F,2,false) -> MUSHROOM PORCINI/ BOLETUS DRY 1 LB MARKYS/URBANI/ROLAND (USA) | D61: =VLOOKUP(B61,'Unit of Measure ship March 2026'!A:C,3,false) -> LBS
... B116: 102288 | C116: =VLOOKUP(B116,'FML March 2026'!E:F,2,false) -> XANTHAN GUM (AUSTRIA) | D116: =VLOOKUP(B116,'Unit of Measure ship March 2026'!A:C,3,false) -> LBS

Sheet 17 Wake
B1: 17- The Wake - Menu Basic Preperation 01/17/01 | F1: 17- The Wake - Vegetables & Fruit 03/17/06 | J1: 17- The Wake - Meat 05/17/03 | N1: 17- The Wake - Fish & Seafood 05/17/04
B2: Code | C2: Ingredient Name | D2: UM | F2: Code | G2: Ingredient Name | H2: UM | J2: Code | K2: Ingredient Name | L2: UM | N2: Code | O2: Ingredient Name | P2: UM
B3: 16211 | C3: =VLOOKUP(B3,'FML March 2026'!E:F,2,false) -> AGAR AGAR POWDER CUISINE TECH | D3: =VLOOKUP(B3,'Unit of Measure ship March 2026'!A:C,3,false) -> LBS | F3: 24182 | G3: =VLOOKUP(F3,'FML March 2026'!E:F,2,false) -> ARUGULA, BABY | H3: =VLOOKUP(F3,'Unit of Measure ship March 2026'!A:C,3,false) -> LBS | J3: 34782 | K3: =VLOOKUP(J3,'FML March 2026'!E:F,2,false) -> BEEF HANGING TENDER, 65LBS/CS NAMP-140 | L3: =VLOOKUP(J3,'Unit of Measure ship March 2026'!A:C,3,false) -> LBS | N3: 11773 | O3: =VLOOKUP(N3,'FML March 2026'!E:F,2,false) -> CRAB SOFT SHELL WHOLE HOTEL FROZEN | P3: =VLOOKUP(N3,'Unit of Measure ship March 2026'!A:C,3,false) -> CS12/PC
B4: 111083 | C4: =VLOOKUP(B4,'FML March 2026'!E:F,2,false) -> ALEPPO PEPPER PKG 1/LB LA BOITE | D4: =VLOOKUP(B4,'Unit of Measure ship March 2026'!A:C,3,false) -> LBS | F4: 15572 | G4: =VLOOKUP(F4,'FML March 2026'!E:F,2,false) -> ASPARAGUS, FRESH, LARGE, FULL 11# BOX, 17 PC/BOX | H4: =VLOOKUP(F4,'Unit of Measure ship March 2026'!A:C,3,false) -> LBS | J4: 112880 | K4: =VLOOKUP(J4,'FML March 2026'!E:F,2,false) -> BEEF MARROW BONES SPLIT (CANOE) 6" LONG POLY WRAPPED VV | L4: =VLOOKUP(J4,'Unit of Measure ship March 2026'!A:C,3,false) -> LBS | N4: 53625 | O4: =VLOOKUP(N4,'FML March 2026'!E:F,2,false) -> SALMON FILLET, ATLANTIC, PREMIUM, FROZEN, 3 - 4 LB D-TRIM INDV. CRYOVAC (CHILE) | P4: =VLOOKUP(N4,'Unit of Measure ship March 2026'!A:C,3,false) -> LBS
B5: 16262 | C5: =VLOOKUP(B5,'FML March 2026'!E:F,2,false) -> ALLSPICE BADIA | D5: =VLOOKUP(B5,'Unit of Measure ship March 2026'!A:C,3,false) -> LBS | F5: 15378 | G5: =VLOOKUP(F5,'FML March 2026'!E:F,2,false) -> AVOCADOS HASS FRESH CA-48PC FL-12/14PC 20# | H5: =VLOOKUP(F5,'Unit of Measure ship March 2026'!A:C,3,false) -> LBS | J5: 148887 | K5: =VLOOKUP(J5,'FML March 2026'!E:F,2,false) -> BEEF TENDERLOIN PEELED STRAP-ON 100 DAY GRAIN FED JBS (AUSTRALIA) NAMP-189A | L5: =VLOOKUP(J5,'Unit of Measure ship March 2026'!A:C,3,false) -> LBS | N5: 42269 | O5: =VLOOKUP(N5,'FML March 2026'!E:F,2,false) -> SHRIMP 16/20 RAW P&D TAIL-ON CS10/LB SURAM ROYAL WHITE (VIETNAM) | P5: =VLOOKUP(N5,'Unit of Measure ship March 2026'!A:C,3,false) -> LBS
B6: 110031 | C6: =VLOOKUP(B6,'FML March 2026'!E:F,2,false) -> ALMONDS MARCONA CS/11LBS SAVOR IMPORTS | D6: =VLOOKUP(B6,'Unit of Measure ship March 2026'!A:C,3,false) -> LBS | F6: 15449 | G6: =VLOOKUP(F6,'FML March 2026'!E:F,2,false) -> BEET ROOTS LARGE 1/25# | H6: =VLOOKUP(F6,'Unit of Measure ship March 2026'!A:C,3,false) -> LBS | J6: 34728 | K6: =VLOOKUP(J6,'FML March 2026'!E:F,2,false) -> BEEF, STRIPLOIN, BONELESS, 13 DWN, UPPER 2/3, CHOICE, ANGUS, 40 DAY AGED, 0X1, NAMP 180, USA ONLY, <22 LB EA, FZN, 3/1 EA | L6: =VLOOKUP(J6,'Unit of Measure ship March 2026'!A:C,3,false) -> LBS | N6: 20913 | O6: =VLOOKUP(N6,'FML March 2026'!E:F,2,false) -> YELLOWTAIL (HAMACHI) LOIN SEIKI #1 SUSHI GRADE | P6: =VLOOKUP(N6,'Unit of Measure ship March 2026'!A:C,3,false) -> LBS
B7: 109664 | C7: =VLOOKUP(B7,'FML March 2026'!E:F,2,false) -> APPLE CIDER VINEGAR SPARROW LANE V | D7: =VLOOKUP(B7,'Unit of Measure ship March 2026'!A:C,3,false) -> GAL | F7: 102292 | G7: =VLOOKUP(F7,'FML March 2026'!E:F,2,false) -> BEETS YELLOW FRESH | H7: =VLOOKUP(F7,'Unit of Measure ship March 2026'!A:C,3,false) -> LBS | J7: 14576 | K7: =VLOOKUP(J7,'FML March 2026'!E:F,2,false) -> CHICKEN, FRYER, WOG, IND WRAPPED, NON-INJECTED, 2.50-3.25 LB EA, FZN, 12/1 EA | L7: =VLOOKUP(J7,'Unit of Measure ship March 2026'!A:C,3,false) -> LBS
B8: 109686 | C8: =VLOOKUP(B8,'FML March 2026'!E:F,2,false) -> BACON, NUESKE 24 HOUR APPLEWOOD SMOKED BACON (NUESKI 2131) | D8: =VLOOKUP(B8,'Unit of Measure ship March 2026'!A:C,3,false) -> LBS | F8: 15333 | G8: =VLOOKUP(F8,'FML March 2026'!E:F,2,false) -> BLACKBERRIES FRESH 12 1/2 PT 4.5# | H8: =VLOOKUP(F8,'Unit of Measure ship March 2026'!A:C,3,false) -> LBS | J8: 27414 | K8: =VLOOKUP(J8,'FML March 2026'!E:F,2,false) -> LAMB RACKS CAPOFF FRENCHED 20/28 OZ FROZEN INDV VAC PAC (NEW ZEALAND/AUSTRALIA) | L8: =VLOOKUP(J8,'Unit of Measure ship March 2026'!A:C,3,false) -> LBS
B9: 109686 | C9: =VLOOKUP(B9,'FML March 2026'!E:F,2,false) -> BACON, NUESKE 24 HOUR APPLEWOOD SMOKED BACON (NUESKI 2131) | D9: =VLOOKUP(B9,'Unit of Measure ship March 2026'!A:C,3,false) -> LBS | F9: 15458 | G9: =VLOOKUP(F9,'FML March 2026'!E:F,2,false) -> CARROTS CLIP TOP 50# | H9: =VLOOKUP(F9,'Unit of Measure ship March 2026'!A:C,3,false) -> LBS | J9: 24773 | K9: =VLOOKUP(J9,'FML March 2026'!E:F,2,false) -> PORK BELLY RAW RIND-ON (USA) | L9: =VLOOKUP(J9,'Unit of Measure ship March 2026'!A:C,3,false) -> LBS
B10: 15651 | C10: =VLOOKUP(B10,'FML March 2026'!E:F,2,false) -> BAKING POWDER 50 LB | D10: =VLOOKUP(B10,'Unit of Measure ship March 2026'!A:C,3,false) -> LBS | F10: 15562 | G10: =VLOOKUP(F10,'FML March 2026'!E:F,2,false) -> CELERIAC (CELERY ROOT) 20# | H10: =VLOOKUP(F10,'Unit of Measure ship March 2026'!A:C,3,false) -> LBS
B11: 15652 | C11: =VLOOKUP(B11,'FML March 2026'!E:F,2,false) -> BAKING SODA | D11: =VLOOKUP(B11,'Unit of Measure ship March 2026'!A:C,3,false) -> LBS | F11: 15460 | G11: =VLOOKUP(F11,'FML March 2026'!E:F,2,false) -> CELERY #1 CAL. 36CT 60# | H11: =VLOOKUP(F11,'Unit of Measure ship March 2026'!A:C,3,false) -> LBS
B12: 16250 | C12: =VLOOKUP(B12,'FML March 2026'!E:F,2,false) -> BAY LEAVES WHOLE D`ALLESANDRO/ SPICECO | D12: =VLOOKUP(B12,'Unit of Measure ship March 2026'!A:C,3,false) -> LBS | F12: 15543 | G12: =VLOOKUP(F12,'FML March 2026'!E:F,2,false) -> CHERVIL, FRESH, 12BU 1 LB/CS | H12: =VLOOKUP(F12,'Unit of Measure ship March 2026'!A:C,3,false) -> LBS
B13: 32730 | C13: =VLOOKUP(B13,'FML March 2026'!E:F,2,false) -> BEANS BLACK, 6/#10 CAN | D13: =VLOOKUP(B13,'Unit of Measure ship March 2026'!A:C,3,false) -> CN/6.5LB | F13: 109753 | G13: =VLOOKUP(F13,'FML March 2026'!E:F,2,false) -> CHILI FRESNO FRESH | H13: =VLOOKUP(F13,'Unit of Measure ship March 2026'!A:C,3,false) -> LBS
B14: 111962 | C14: =VLOOKUP(B14,'FML March 2026'!E:F,2,false) -> BOQUERONE IN VINEGAR | D14: =VLOOKUP(B14,'Unit of Measure ship March 2026'!A:C,3,false) -> LBS | F14: 15438 | G14: =VLOOKUP(F14,'FML March 2026'!E:F,2,false) -> CHIVES (12 BUNCH), 1 LB/CS | H14: =VLOOKUP(F14,'Unit of Measure ship March 2026'!A:C,3,false) -> LBS
B15: 35667 | C15: =VLOOKUP(B15,'FML March 2026'!E:F,2,false) -> BRANSTON PICKLE (GIELOW) | D15: =VLOOKUP(B15,'Unit of Measure ship March 2026'!A:C,3,false) -> KG | F15: 15431 | G15: =VLOOKUP(F15,'FML March 2026'!E:F,2,false) -> CILANTRO (12 BUNCH) 1 LB/CS DOMESTIC | H15: =VLOOKUP(F15,'Unit of Measure ship March 2026'!A:C,3,false) -> LBS
B16: 20884 | C16: =VLOOKUP(B16,'FML March 2026'!E:F,2,false) -> BREAD CRUMBS PANKO 25 LB KIKKOMAN #05010 (USA) | D16: =VLOOKUP(B16,'Unit of Measure ship March 2026'!A:C,3,false) -> LBS | F16: 111175 | G16: =VLOOKUP(F16,'FML March 2026'!E:F,2,false) -> CILANTRO MICRO FRESH HARPKE FAMILY FARM PK/5 OZ PACKED IN 60 OZ SIZE CLAM SHELL | H16: =VLOOKUP(F16,'Unit of Measure ship March 2026'!A:C,3,false) -> EA
B17: 16981 | C17: =VLOOKUP(B17,'FML March 2026'!E:F,2,false) -> BRIE MON PERE 60% 3KG / DEXPA # 53726 | D17: =VLOOKUP(B17,'Unit of Measure ship March 2026'!A:C,3,false) -> LBS | F17: 10013 | G17: =VLOOKUP(F17,'FML March 2026'!E:F,2,false) -> CORN ON THE COB FRESH | H17: =VLOOKUP(F17,'Unit of Measure ship March 2026'!A:C,3,false) -> LBS
B18: 109933 | C18: =VLOOKUP(B18,'FML March 2026'!E:F,2,false) -> BUTTER ALTERNATIVE VEGAN PLANT PERFECT (USA) | D18: =VLOOKUP(B18,'Unit of Measure ship March 2026'!A:C,3,false) -> LBS | F18: 15547 | G18: =VLOOKUP(F18,'FML March 2026'!E:F,2,false) -> FENNEL FRESH CAL. 40# | H18: =VLOOKUP(F18,'Unit of Measure ship March 2026'!A:C,3,false) -> LBS
B19: 15016 | C19: =VLOOKUP(B19,'FML March 2026'!E:F,2,false) -> BUTTER, UNSALTED, 82% FAT, FZN, 50/200 G | D19: =VLOOKUP(B19,'Unit of Measure ship March 2026'!A:C,3,false) -> LBS | F19: 15466 | G19: =VLOOKUP(F19,'FML March 2026'!E:F,2,false) -> GARLIC CRATE JUMBO 30# 8 CT | H19: =VLOOKUP(F19,'Unit of Measure ship March 2026'!A:C,3,false) -> LBS
B20: 14893 | C20: =VLOOKUP(B20,'FML March 2026'!E:F,2,false) -> BUTTERMILK LOCAL 10 DAYS CS9/HGAL | D20: =VLOOKUP(B20,'Unit of Measure ship March 2026'!A:C,3,false) -> QRT | F20: 30639 | G20: =VLOOKUP(F20,'FML March 2026'!E:F,2,false) -> GARLIC PEELED | H20: =VLOOKUP(F20,'Unit of Measure ship March 2026'!A:C,3,false) -> LBS
B21: 11938 | C21: =VLOOKUP(B21,'FML March 2026'!E:F,2,false) -> CAPER BERRIES STEMMED 6/64 OZ DEL DESTINO/ ROLAND | D21: =VLOOKUP(B21,'Unit of Measure ship March 2026'!A:C,3,false) -> CAN/64OZ | F21: 15390 | G21: =VLOOKUP(F21,'FML March 2026'!E:F,2,false) -> GRAPEFRUITS #1 CA. 32CT HI-BRIGHT, PINK 40# | H21: =VLOOKUP(F21,'Unit of Measure ship March 2026'!A:C,3,false) -> LBS
... B68: 16320 | C68: =VLOOKUP(B68,'FML March 2026'!E:F,2,false) -> MUSTARD SEED 24 OZ D`ALLESANDRO/ SPICECO | D68: =VLOOKUP(B68,'Unit of Measure ship March 2026'!A:C,3,false) -> LBS | F68: 15540 | G68: =VLOOKUP(F68,'FML March 2026'!E:F,2,false) -> WATERCRESS (FULL BX) 10# 24BH "B & W, FRESH, ICE PACKED" 1BX | H68: =VLOOKUP(F68,'Unit of Measure ship March 2026'!A:C,3,false) -> LBS
B69: 16114 | C69: =VLOOKUP(B69,'FML March 2026'!E:F,2,false) -> NORI SHEETS, 50CT (FULL SHEET) | D69: =VLOOKUP(B69,'Unit of Measure ship March 2026'!A:C,3,false) -> PK/50PC
B70: 16266 | C70: =VLOOKUP(B70,'FML March 2026'!E:F,2,false) -> NUTMEG GROUND D`ALLESANDRO/ SPICECO (USA) | D70: =VLOOKUP(B70,'Unit of Measure ship March 2026'!A:C,3,false) -> UNIT/1LB
B71: 109227 | C71: =VLOOKUP(B71,'FML March 2026'!E:F,2,false) -> NUTRITIONAL YEAST FLAKES VEGAN C6/5OZ BOBS RED ,MILL (USA) | D71: =VLOOKUP(B71,'Unit of Measure ship March 2026'!A:C,3,false) -> CS6/5OZ
B72: 52602 | C72: =VLOOKUP(B72,'FML March 2026'!E:F,2,false) -> OIL, 100% OLIVE, EXTRA VIRGIN, DRY, 4/5 LT | D72: =VLOOKUP(B72,'Unit of Measure ship March 2026'!A:C,3,false) -> LT
B73: 16377 | C73: =VLOOKUP(B73,'FML March 2026'!E:F,2,false) -> OIL, 100% VEGETABLE SOYBEAN, DRY, 4/5 LT | D73: =VLOOKUP(B73,'Unit of Measure ship March 2026'!A:C,3,false) -> C4/5LT
B74: 10265 | C74: =VLOOKUP(B74,'FML March 2026'!E:F,2,false) -> OIL, FRYING, 100% SOYBEAN, TRANS FAT FREE, FLASHPOINT >600F, DRY, 4/5 LT | D74: =VLOOKUP(B74,'Unit of Measure ship March 2026'!A:C,3,false) -> CS4/5LT
B75: 18644 | C75: =VLOOKUP(B75,'FML March 2026'!E:F,2,false) -> OLD BAY SEASONING 16 OZ MC CORMICK | D75: =VLOOKUP(B75,'Unit of Measure ship March 2026'!A:C,3,false) -> TIN16/OZ
B76: 52603 | C76: =VLOOKUP(B76,'FML March 2026'!E:F,2,false) -> OLIVE/CANOLA BLEND OIL | D76: =VLOOKUP(B76,'Unit of Measure ship March 2026'!A:C,3,false) -> LT
B77: 16268 | C77: =VLOOKUP(B77,'FML March 2026'!E:F,2,false) -> OREGANO LEAVES WHOLE D`ALLESANDRO/ SPICECO | D77: =VLOOKUP(B77,'Unit of Measure ship March 2026'!A:C,3,false) -> PC/5OZ
B78: 109697 | C78: =VLOOKUP(B78,'FML March 2026'!E:F,2,false) -> PAPRIKA SMOKED PKG 26.46 OZ LA CHINATA | D78: =VLOOKUP(B78,'Unit of Measure ship March 2026'!A:C,3,false) -> KG
B79: 51211 | C79: =VLOOKUP(B79,'FML March 2026'!E:F,2,false) -> PASTE VANILLA FLAVOR 35 OZ PASTRY STAR #00057 | D79: =VLOOKUP(B79,'Unit of Measure ship March 2026'!A:C,3,false) -> BTL/35OZ
B80: 15819 | C80: =VLOOKUP(B80,'FML March 2026'!E:F,2,false) -> PECANS, HALVES, FANCY, JUMBO, DRY, 1/30 LB | D80: =VLOOKUP(B80,'Unit of Measure ship March 2026'!A:C,3,false) -> LBS
... B126: 19409 | C126: =VLOOKUP(B126,'FML March 2026'!E:F,2,false) -> YUZU JUICE PURE UNSEASONED SHIBORI YAKAMI ORCHARD | D126: =VLOOKUP(B126,'Unit of Measure ship March 2026'!A:C,3,false) -> BT/750ML

Sheet 18 Gunbae
C1: 18 - Gunbae - Menu Basic 01/18/01 | G1: 18 - Gunbae - Vegetables & Fruit 03/18/06 | K1: 18 - Gunbae - Meat 05/18/03 | O1: 18 - Gunbae - Fish & seafood 05/18/04
B2: Code | C2: Ingredient Name | D2: UM | F2: Code | G2: Ingredient Name | H2: UM | J2: Code | K2: Ingredient Name | L2: UM | N2: Code | O2: Ingredient Name | P2: UM
B3: 110951 | C3: =VLOOKUP(B3,'FML March 2026'!E:F,2,false) -> ANCHOVIES DRIED CS100/4OZ IKAN-TERI*BILIS | D3: =VLOOKUP(B3,'Unit of Measure ship March 2026'!A:C,3,false) -> LBS | F3: 20895 | G3: =VLOOKUP(F3,'FML March 2026'!E:F,2,false) -> ASIAN LONG RED CHILI, FRESH MEDIUM HOT | H3: =VLOOKUP(F3,'Unit of Measure ship March 2026'!A:C,3,false) -> LBS | J3: 14383 | K3: =VLOOKUP(J3,'FML March 2026'!E:F,2,false) -> BEEF CHUCK SHORT RIB USDA CHOICE (USA) NAMP-130 | L3: =VLOOKUP(J3,'Unit of Measure ship March 2026'!A:C,3,false) -> LBS | N3: 53699 | O3: =VLOOKUP(N3,'FML March 2026'!E:F,2,false) -> OCTOPUS, FROZEN 4-6/LB FROZEN 30 LB CS POLAR | P3: =VLOOKUP(N3,'Unit of Measure ship March 2026'!A:C,3,false) -> LBS
B4: 15016 | C4: =VLOOKUP(B4,'FML March 2026'!E:F,2,false) -> BUTTER, UNSALTED, 82% FAT, FZN, 50/200 G | D4: =VLOOKUP(B4,'Unit of Measure ship March 2026'!A:C,3,false) -> LBS | F4: 15572 | G4: =VLOOKUP(F4,'FML March 2026'!E:F,2,false) -> ASPARAGUS, FRESH, LARGE, FULL 11# BOX, 17 PC/BOX | H4: =VLOOKUP(F4,'Unit of Measure ship March 2026'!A:C,3,false) -> LBS | J4: 34727 | K4: =VLOOKUP(J4,'FML March 2026'!E:F,2,false) -> BEEF EXPORT RIBS, CAB CHOICE 18/DOWN 4/PC, 30D AGE,BLST/FRZN (USA) NAMP-109E | L4: =VLOOKUP(J4,'Unit of Measure ship March 2026'!A:C,3,false) -> LBS | N4: 102829 | O4: =VLOOKUP(N4,'FML March 2026'!E:F,2,false) -> Scallops 10/15 CT | P4: =VLOOKUP(N4,'Unit of Measure ship March 2026'!A:C,3,false) -> LBS
B5: 16015 | C5: =VLOOKUP(B5,'FML March 2026'!E:F,2,false) -> CAPERS, NON-PAREIL, IN VINEGAR, DRY, 6X850GR | D5: =VLOOKUP(B5,'Unit of Measure ship March 2026'!A:C,3,false) -> CAN/32OZ | F5: 15378 | G5: =VLOOKUP(F5,'FML March 2026'!E:F,2,false) -> AVOCADOS HASS FRESH CA-48PC FL-12/14PC 20# | H5: =VLOOKUP(F5,'Unit of Measure ship March 2026'!A:C,3,false) -> LBS | J5: 110970 | K5: =VLOOKUP(J5,'FML March 2026'!E:F,2,false) -> BEEF SHORT RIBS BONELESS VV, NAMP-130A | L5: =VLOOKUP(J5,'Unit of Measure ship March 2026'!A:C,3,false) -> LBS | N5: 42269 | O5: =VLOOKUP(N5,'FML March 2026'!E:F,2,false) -> SHRIMP 16/20 RAW P&D TAIL-ON CS10/LB SURAM ROYAL WHITE (VIETNAM) | P5: =VLOOKUP(N5,'Unit of Measure ship March 2026'!A:C,3,false) -> LBS
B6: 145538 | C6: =VLOOKUP(B6,'FML March 2026'!E:F,2,false) -> CAVIAR WHITE STURGEON CAN 250 GRAM | D6: =VLOOKUP(B6,'Unit of Measure ship March 2026'!A:C,3,false) -> JAR/250G | F6: 15456 | G6: =VLOOKUP(F6,'FML March 2026'!E:F,2,false) -> CABBAGE NAPA 12CT 30# | H6: =VLOOKUP(F6,'Unit of Measure ship March 2026'!A:C,3,false) -> LBS | J6: 34728 | K6: =VLOOKUP(J6,'FML March 2026'!E:F,2,false) -> BEEF, STRIPLOIN, BONELESS, 13 DWN, UPPER 2/3, CHOICE, ANGUS, 40 DAY AGED, 0X1, NAMP 180, USA ONLY, <22 LB EA, FZN, 3/1 EA | L6: =VLOOKUP(J6,'Unit of Measure ship March 2026'!A:C,3,false) -> LBS | N6: 14830 | O6: =VLOOKUP(N6,'FML March 2026'!E:F,2,false) -> SQUID WHOLE CLEANED 5/8 CT 4/2.5 LB CS FISHERMAN`S PRIDE (CHINA) | P6: =VLOOKUP(N6,'Unit of Measure ship March 2026'!A:C,3,false) -> LBS
B7: 16570 | C7: =VLOOKUP(B7,'FML March 2026'!E:F,2,false) -> CHESTNUTS, WATER CHESTNUTS SLICED | D7: =VLOOKUP(B7,'Unit of Measure ship March 2026'!A:C,3,false) -> CN/6.5LB | F7: 15458 | G7: =VLOOKUP(F7,'FML March 2026'!E:F,2,false) -> CARROTS CLIP TOP 50# | H7: =VLOOKUP(F7,'Unit of Measure ship March 2026'!A:C,3,false) -> LBS | J7: 11695 | K7: =VLOOKUP(J7,'FML March 2026'!E:F,2,false) -> CHICKEN LEG/THIGH BONELESS & SKINLESS FROZEN | L7: =VLOOKUP(J7,'Unit of Measure ship March 2026'!A:C,3,false) -> LBS
B8: 110039 | C8: =VLOOKUP(B8,'FML March 2026'!E:F,2,false) -> CHILI PEPPER THREADS KOREAN WHOLE PKG 1 OZ SPICEOLOGY | D8: =VLOOKUP(B8,'Unit of Measure ship March 2026'!A:C,3,false) -> OZ | F8: 10325 | G8: =VLOOKUP(F8,'FML March 2026'!E:F,2,false) -> CHESTNUTS PEELED, FRZN,10/2LB, WHITE TOQUE | H8: =VLOOKUP(F8,'Unit of Measure ship March 2026'!A:C,3,false) -> LBS | J8: 24773 | K8: =VLOOKUP(J8,'FML March 2026'!E:F,2,false) -> PORK BELLY RAW RIND-ON (USA) | L8: =VLOOKUP(J8,'Unit of Measure ship March 2026'!A:C,3,false) -> LBS
B9: 16253 | C9: =VLOOKUP(B9,'FML March 2026'!E:F,2,false) -> CINNAMON GROUND | D9: =VLOOKUP(B9,'Unit of Measure ship March 2026'!A:C,3,false) -> LBS | F9: 109753 | G9: =VLOOKUP(F9,'FML March 2026'!E:F,2,false) -> CHILI FRESNO FRESH | H9: =VLOOKUP(F9,'Unit of Measure ship March 2026'!A:C,3,false) -> LBS | J9: 10533 | K9: =VLOOKUP(J9,'FML March 2026'!E:F,2,false) -> PORK SHOULDER BUTT BONELESS | L9: =VLOOKUP(J9,'Unit of Measure ship March 2026'!A:C,3,false) -> LBS
B10: 16184 | C10: =VLOOKUP(B10,'FML March 2026'!E:F,2,false) -> CORNSTARCH BULK | D10: =VLOOKUP(B10,'Unit of Measure ship March 2026'!A:C,3,false) -> LBS | F10: 35189 | G10: =VLOOKUP(F10,'FML March 2026'!E:F,2,false) -> CHILI PEPPERS GREEN FRESH | H10: =VLOOKUP(F10,'Unit of Measure ship March 2026'!A:C,3,false) -> LBS
B11: 15814 | C11: =VLOOKUP(B11,'FML March 2026'!E:F,2,false) -> DATES PITTED DRIED | D11: =VLOOKUP(B11,'Unit of Measure ship March 2026'!A:C,3,false) -> LBS | F11: 15431 | G11: =VLOOKUP(F11,'FML March 2026'!E:F,2,false) -> CILANTRO (12 BUNCH) 1 LB/CS DOMESTIC | H11: =VLOOKUP(F11,'Unit of Measure ship March 2026'!A:C,3,false) -> LBS
B12: 111106 | C12: =VLOOKUP(B12,'FML March 2026'!E:F,2,false) -> DOENJANG SOY BEAN PASTE ASSI | D12: =VLOOKUP(B12,'Unit of Measure ship March 2026'!A:C,3,false) -> LBS | F12: 109754 | G12: =VLOOKUP(F12,'FML March 2026'!E:F,2,false) -> CUCUMBER ENGLISH SEEDLESS, LARGE | H12: =VLOOKUP(F12,'Unit of Measure ship March 2026'!A:C,3,false) -> LBS
B13: 15022 | C13: =VLOOKUP(B13,'FML March 2026'!E:F,2,false) -> EGGS-DATED, MEDIUM, REGULAR | D13: =VLOOKUP(B13,'Unit of Measure ship March 2026'!A:C,3,false) -> PC | F13: 15619 | G13: =VLOOKUP(F13,'FML March 2026'!E:F,2,false) -> DAIKON 20#/CS | H13: =VLOOKUP(F13,'Unit of Measure ship March 2026'!A:C,3,false) -> LBS
B14: 15026 | C14: =VLOOKUP(B14,'FML March 2026'!E:F,2,false) -> EGGS, WHOLE, LIQUID, W/ CITRIC ACID, NO SUGAR, 1-5 LB/1-5 LT, FZN, 6/5 LB | D14: =VLOOKUP(B14,'Unit of Measure ship March 2026'!A:C,3,false) -> LBS | F14: 36433 | G14: =VLOOKUP(F14,'FML March 2026'!E:F,2,false) -> EGGPLANT JAPANESE 10#/CS | H14: =VLOOKUP(F14,'Unit of Measure ship March 2026'!A:C,3,false) -> CS10/LBS
B15: 16535 | C15: =VLOOKUP(B15,'FML March 2026'!E:F,2,false) -> FISH SAUCE, BTL (REQUIRES INSPECTION) | D15: =VLOOKUP(B15,'Unit of Measure ship March 2026'!A:C,3,false) -> BTL/24OZ | F15: 15547 | G15: =VLOOKUP(F15,'FML March 2026'!E:F,2,false) -> FENNEL FRESH CAL. 40# | H15: =VLOOKUP(F15,'Unit of Measure ship March 2026'!A:C,3,false) -> LBS
B16: 111865 | C16: =VLOOKUP(B16,'FML March 2026'!E:F,2,false) -> FLOUR ALL PURPOSE SIR GALAHAD BAG50/LBS KING ARTHUR | D16: =VLOOKUP(B16,'Unit of Measure ship March 2026'!A:C,3,false) -> LBS | F16: 109766 | G16: =VLOOKUP(F16,'FML March 2026'!E:F,2,false) -> GARLIC BLACK PEELED | H16: =VLOOKUP(F16,'Unit of Measure ship March 2026'!A:C,3,false) -> LBS
B17: 12666 | C17: =VLOOKUP(B17,'FML March 2026'!E:F,2,false) -> GLUTEN FREE WHITE RICE FLOUR | D17: =VLOOKUP(B17,'Unit of Measure ship March 2026'!A:C,3,false) -> LBS | F17: 15466 | G17: =VLOOKUP(F17,'FML March 2026'!E:F,2,false) -> GARLIC CRATE JUMBO 30# 8 CT | H17: =VLOOKUP(F17,'Unit of Measure ship March 2026'!A:C,3,false) -> LBS
B18: 110091 | C18: =VLOOKUP(B18,'FML March 2026'!E:F,2,false) -> GOCHUGARU KOREAN CHILI RED PEPPER FLAKES ASSI | D18: =VLOOKUP(B18,'Unit of Measure ship March 2026'!A:C,3,false) -> CS8/5LB | F18: 30639 | G18: =VLOOKUP(F18,'FML March 2026'!E:F,2,false) -> GARLIC PEELED | H18: =VLOOKUP(F18,'Unit of Measure ship March 2026'!A:C,3,false) -> LBS
B19: 110879 | C19: =VLOOKUP(B19,'FML March 2026'!E:F,2,false) -> GOCHUJANG PASTE SEMPIO | D19: =VLOOKUP(B19,'Unit of Measure ship March 2026'!A:C,3,false) -> PKG1/KG | F19: 38392 | G19: =VLOOKUP(F19,'FML March 2026'!E:F,2,false) -> GINGER FRESH | H19: =VLOOKUP(F19,'Unit of Measure ship March 2026'!A:C,3,false) -> LBS
B20: 14907 | C20: =VLOOKUP(B20,'FML March 2026'!E:F,2,false) -> HEAVY CREAM UHT LONG LIFE 38%-40% 12/1LT | D20: =VLOOKUP(B20,'Unit of Measure ship March 2026'!A:C,3,false) -> LT | F20: 61703 | G20: =VLOOKUP(F20,'FML March 2026'!E:F,2,false) -> HABANERO PEPPERS FRESH | H20: =VLOOKUP(F20,'Unit of Measure ship March 2026'!A:C,3,false) -> LBS
B21: 15658 | C21: =VLOOKUP(B21,'FML March 2026'!E:F,2,false) -> HONEY 6/5 LB GROEB/MELONIA/SWEET HARVEST | D21: =VLOOKUP(B21,'Unit of Measure ship March 2026'!A:C,3,false) -> KG | F21: 15609 | G21: =VLOOKUP(F21,'FML March 2026'!E:F,2,false) -> LETTUCE RED OAK, 2#/CS | H21: =VLOOKUP(F21,'Unit of Measure ship March 2026'!A:C,3,false) -> LBS
... B35: 20890 | C35: =VLOOKUP(B35,'FML March 2026'!E:F,2,false) -> POTATO STARCH TOTIGI/ BOBS RED MILL | D35: =VLOOKUP(B35,'Unit of Measure ship March 2026'!A:C,3,false) -> LBS | F35: 15542 | G35: =VLOOKUP(F35,'FML March 2026'!E:F,2,false) -> ZUCCHINI MEDIUM #1 FANCY 20#/CS, 180-210 MM | H35: =VLOOKUP(F35,'Unit of Measure ship March 2026'!A:C,3,false) -> LBS
B36: 150114 | C36: =VLOOKUP(B36,'FML March 2026'!E:F,2,false) -> RICE SYRUP CJO OLIGO CS20/700GR | D36: =VLOOKUP(B36,'Unit of Measure ship March 2026'!A:C,3,false) -> BT/1.2KG
B37: 20143 | C37: =VLOOKUP(B37,'FML March 2026'!E:F,2,false) -> RICE TAMAKI GOLD/MATSURI KOSHIHIKARI/MARUYU | D37: =VLOOKUP(B37,'Unit of Measure ship March 2026'!A:C,3,false) -> LBS
B38: 40158 | C38: =VLOOKUP(B38,'FML March 2026'!E:F,2,false) -> RICE, JASMINE, <4% BROKEN KERNELS, DRY, 1/50 LB | D38: =VLOOKUP(B38,'Unit of Measure ship March 2026'!A:C,3,false) -> LBS
B39: 16307 | C39: =VLOOKUP(B39,'FML March 2026'!E:F,2,false) -> SALT KOSHER GRANULATED | D39: =VLOOKUP(B39,'Unit of Measure ship March 2026'!A:C,3,false) -> LBS
B40: 16307 | C40: =VLOOKUP(B40,'FML March 2026'!E:F,2,false) -> SALT KOSHER GRANULATED | D40: =VLOOKUP(B40,'Unit of Measure ship March 2026'!A:C,3,false) -> LBS
B41: 110954 | C41: =VLOOKUP(B41,'FML March 2026'!E:F,2,false) -> SESAME PASTE BLACK 1.1 LB MARUHON | D41: =VLOOKUP(B41,'Unit of Measure ship March 2026'!A:C,3,false) -> LBS
B42: 11260 | C42: =VLOOKUP(B42,'FML March 2026'!E:F,2,false) -> SESAME SEED BLACK | D42: =VLOOKUP(B42,'Unit of Measure ship March 2026'!A:C,3,false) -> LBS
B43: 15818 | C43: =VLOOKUP(B43,'FML March 2026'!E:F,2,false) -> SESAME SEEDS WHITE BADIA (USA ) | D43: =VLOOKUP(B43,'Unit of Measure ship March 2026'!A:C,3,false) -> LBS
B44: 111194 | C44: =VLOOKUP(B44,'FML March 2026'!E:F,2,false) -> SHRIMP SALTED CS6/2 LB ASSI | D44: =VLOOKUP(B44,'Unit of Measure ship March 2026'!A:C,3,false) -> LBS
B45: 111844 | C45: =VLOOKUP(B45,'FML March 2026'!E:F,2,false) -> SOY BEAN POWDER CS30/1 LB ASSI | D45: =VLOOKUP(B45,'Unit of Measure ship March 2026'!A:C,3,false) -> LBS
B46: 111107 | C46: =VLOOKUP(B46,'FML March 2026'!E:F,2,false) -> SOY SAUCE BREWED GLUTEN FREE SEMPIO CS 12/930 | D46: =VLOOKUP(B46,'Unit of Measure ship March 2026'!A:C,3,false) -> BT/60 OZ
B47: 20151 | C47: =VLOOKUP(B47,'FML March 2026'!E:F,2,false) -> SOY SAUCE LOWER SODIUM CS6/64OZ KIKKOMAN #00130 (USA) | D47: =VLOOKUP(B47,'Unit of Measure ship March 2026'!A:C,3,false) -> BTL/64OZ
... B56: 16374 | C56: =VLOOKUP(B56,'FML March 2026'!E:F,2,false) -> VINEGAR, WHITE DISTILLED | D56: =VLOOKUP(B56,'Unit of Measure ship March 2026'!A:C,3,false) -> BTL/5LT

Sheet 19 Mannor (AR) RES only
C1: 19 - Mannor (AR) - Menu Basic Preperation 01/19/01 | G1: 19 - Mannor (AR) - Fruit & Vegetables 03/19/06 | K1: 19 - Mannor (AR) - Meat 05/19/03 | O1: 19 - Mannor (AR) - Fish & Seafood 05/19/04
B2: Code | C2: Ingredient Name | D2: UM | F2: Code | G2: Ingredient Name | H2: UM | J2: Code | K2: Ingredient Name | L2: UM | N2: Code | O2: Ingredient Name | P2: UM
B3: 51236 | C3: =VLOOKUP(B3,'FML March 2026'!E:F,2,false) -> ACID CITRIC 1 KG L. FRANCOIS CUISINE TECH | D3: =VLOOKUP(B3,'Unit of Measure ship March 2026'!A:C,3,false) -> LBS | F3: 23757 | G3: =VLOOKUP(F3,'FML March 2026'!E:F,2,false) -> APPLES GRANNY SMITH 88CT 40#/CS | H3: =VLOOKUP(F3,'Unit of Measure ship March 2026'!A:C,3,false) -> LBS | J3: 110970 | K3: =VLOOKUP(J3,'FML March 2026'!E:F,2,false) -> BEEF SHORT RIBS BONELESS VV, NAMP-130A | L3: =VLOOKUP(J3,'Unit of Measure ship March 2026'!A:C,3,false) -> LBS | N3: 14852 | O3: =VLOOKUP(N3,'FML March 2026'!E:F,2,false) -> SEA BASS EUROPEAN/ BRANZINO HEAD-ON GUTTED FINISHED WEIGHT 800-1000GR POLY WRAP (HOLLAND) | P3: =VLOOKUP(N3,'Unit of Measure ship March 2026'!A:C,3,false) -> LBS
B4: 110102 | C4: =VLOOKUP(B4,'FML March 2026'!E:F,2,false) -> AGAVE RAW AMBER MADHAVA | D4: =VLOOKUP(B4,'Unit of Measure ship March 2026'!A:C,3,false) -> LBS | F4: 24182 | G4: =VLOOKUP(F4,'FML March 2026'!E:F,2,false) -> ARUGULA, BABY | H4: =VLOOKUP(F4,'Unit of Measure ship March 2026'!A:C,3,false) -> LBS | N4: 14651 | O4: =VLOOKUP(N4,'FML March 2026'!E:F,2,false) -> TUNA LOIN SKINLESS FROZEN, (IP IS FTZ) (YEMEN) | P4: =VLOOKUP(N4,'Unit of Measure ship March 2026'!A:C,3,false) -> LBS
B5: 16304 | C5: =VLOOKUP(B5,'FML March 2026'!E:F,2,false) -> ANISE STAR BADIA | D5: =VLOOKUP(B5,'Unit of Measure ship March 2026'!A:C,3,false) -> UNIT/8OZ | F5: 15378 | G5: =VLOOKUP(F5,'FML March 2026'!E:F,2,false) -> AVOCADOS HASS FRESH CA-48PC FL-12/14PC 20# | H5: =VLOOKUP(F5,'Unit of Measure ship March 2026'!A:C,3,false) -> LBS
B6: 108988 | C6: =VLOOKUP(B6,'FML March 2026'!E:F,2,false) -> ASAFOETIDA // HING | D6: LBS | F6: 16250 | G6: =VLOOKUP(F6,'FML March 2026'!E:F,2,false) -> BAY LEAVES WHOLE D`ALLESANDRO/ SPICECO | H6: =VLOOKUP(F6,'Unit of Measure ship March 2026'!A:C,3,false) -> LBS
